SN,版本,MAC,时间,结果,通知治具开始测量静态电流（CC）,等待治具数据长包-机号,等待治具数据长包-静态电流(uA),等待治具数据长包-工作电流(mA),等待治具数据长包-充电电流(mA),等待治具数据长包-泵电压(mV),等待治具数据长包-MCU电压(mV),等待治具数据长包-阀电压(mV),MES启动,扫描连接蓝牙,M8 LED全开,M8读取版本号,M8获取电量信息,M8查询电池温度,M8开启按键上报,M8检查模式切换,M8检查减挡位,M8检查加挡位,通知治具准备开始测试（AA）,M8吸力测试开,通知治具开始测量工作电流（EE）,等待治具工作电流测量完成,M8吸力测试关,M8关机
M800DCC400000ECE1LMB66G00365,自由测试工站   V1.1.14,DC:C4:00:00:0E:CE,2026-06-18 21:41:22,FAIL,1(通过),当前值=1 允许[012](通过),当前值=15 允许[1030](通过),当前值=331 允许[250500](通过),当前值=1165 允许[9001200](通过),当前值=3960 允许[38004500](通过),当前值=3305 允许[32503400](通过),当前值=4834 允许[48005100](通过),0(通过),已连接(通过),已确认(通过),2.13(通过),55(通过),24(通过),1(通过),按键ID:3 期望:3(通过),按键ID:2 期望:2(通过),按键ID:1 期望:1(通过),1(通过),1(通过),1(通过),工作电流测量完成 机号=1(通过),1(通过),ok(通过)
M800DCC400000EDE1LMB66G00364,自由测试工站   V1.1.14,DC:C4:00:00:0E:DE,2026-06-18 19:41:20,PASS,1(通过),当前值=1 允许[012](通过),当前值=15 允许[1030](通过),当前值=374 允许[250500](通过),当前值=1122 允许[9001200](通过),当前值=4036 允许[38004500](通过),当前值=3320 允许[32503400](通过),当前值=4889 允许[48005100](通过),0(通过),已连接(通过),已确认(通过),2.13(通过),54(通过),24(通过),1(通过),按键ID:3 期望:3(通过),按键ID:2 期望:2(通过),按键ID:1 期望:1(通过),1(通过),1(通过),1(通过),工作电流测量完成 机号=1(通过),1(通过),ok(通过)
M800DCC400000EEE1LMB66G00363,自由测试工站   V1.1.14,DC:C4:00:00:0E:EE,2026-06-18 19:44:15,FAIL,1(通过),当前值=1 允许[012](通过),当前值=16 允许[1030](通过),当前值=381 允许[250500](通过),当前值=966 允许[9001200](通过),当前值=4034 允许[38004500](通过),当前值=3313 允许[32503400](通过),当前值=4863 允许[48005100](通过),0(通过),已连接(通过),已确认(通过),2.13(通过),55(通过),24(通过),1(通过),按键ID:3 期望:3(通过),按键ID:2 期望:2(通过),按键ID:1 期望:1(通过),1(通过),1(通过),1(通过),工作电流测量完成 机号=1(通过),1(通过),ok(通过)
M800DCC400000EFE1LMB66G00362,自由测试工站   V1.1.14,DC:C4:00:00:0E:FE,2026-06-18 19:42:19,PASS,1(通过),当前值=1 允许[012](通过),当前值=14 允许[1030](通过),当前值=285 允许[250500](通过),当前值=1121 允许[9001200](通过),当前值=4043 允许[38004500](通过),当前值=3317 允许[32503400](通过),当前值=4877 允许[48005100](通过),0(通过),已连接(通过),已确认(通过),2.13(通过),69(通过),24(通过),1(通过),按键ID:3 期望:3(通过),按键ID:2 期望:2(通过),按键ID:1 期望:1(通过),1(通过),1(通过),1(通过),工作电流测量完成 机号=1(通过),1(通过),ok(通过)
M800DCC400000F0F1LMB66G00361,自由测试工站   V1.1.14,DC:C4:00:00:0F:0F,2026-06-18 20:21:48,FAIL,1(通过),当前值=1 允许[012](通过),当前值=14 允许[1030](通过),当前值=378 允许[250500](通过),当前值=1044 允许[9001200](通过),当前值=4036 允许[38004500](通过),当前值=3313 允许[32503400](通过),当前值=4849 允许[48005100](通过),0(通过),已连接(通过),已确认(通过),2.13(通过),54(通过),23(通过),1(通过),按键ID:3 期望:3(通过),按键ID:2 期望:2(通过),按键ID:1 期望:1(通过),1(通过),1(通过),1(通过),工作电流测量完成 机号=1(通过),1(通过),ok(通过)
M800DCC400000F2F1LMB66G00359,自由测试工站   V1.1.14,DC:C4:00:00:0F:2F,2026-06-18 19:43:23,PASS,1(通过),当前值=1 允许[012](通过),当前值=15 允许[1030](通过),当前值=369 允许[250500](通过),当前值=1181 允许[9001200](通过),当前值=4028 允许[38004500](通过),当前值=3330 允许[32503400](通过),当前值=4863 允许[48005100](通过),0(通过),已连接(通过),已确认(通过),2.13(通过),52(通过),24(通过),1(通过),按键ID:3 期望:3(通过),按键ID:2 期望:2(通过),按键ID:1 期望:1(通过),1(通过),1(通过),1(通过),工作电流测量完成 机号=1(通过),1(通过),ok(通过)
M800DCC400000F3F1LMB66G00358,自由测试工站   V1.1.14,DC:C4:00:00:0F:3F,2026-06-18 19:40:31,PASS,1(通过),当前值=1 允许[012](通过),当前值=16 允许[1030](通过),当前值=387 允许[250500](通过),当前值=1080 允许[9001200](通过),当前值=4030 允许[38004500](通过),当前值=3315 允许[32503400](通过),当前值=4869 允许[48005100](通过),0(通过),已连接(通过),已确认(通过),2.13(通过),59(通过),23(通过),1(通过),按键ID:3 期望:3(通过),按键ID:2 期望:2(通过),按键ID:1 期望:1(通过),1(通过),1(通过),1(通过),工作电流测量完成 机号=1(通过),1(通过),ok(通过)
M800DCC400000F4F1LMB66G00357,自由测试工站   V1.1.14,DC:C4:00:00:0F:4F,2026-06-18 20:06:23,PASS,1(通过),当前值=1 允许[012](通过),当前值=15 允许[1030](通过),当前值=374 允许[250500](通过),当前值=1037 允许[9001200](通过),当前值=4035 允许[38004500](通过),当前值=3315 允许[32503400](通过),当前值=4875 允许[48005100](通过),0(通过),已连接(通过),已确认(通过),2.13(通过),52(通过),24(通过),1(通过),按键ID:3 期望:3(通过),按键ID:2 期望:2(通过),按键ID:1 期望:1(通过),1(通过),1(通过),1(通过),工作电流测量完成 机号=1(通过),1(通过),ok(通过)
M800DCC400000F5F1LMB66G00356,自由测试工站   V1.1.14,DC:C4:00:00:0F:5F,2026-06-18 20:15:58,PASS,1(通过),当前值=1 允许[012](通过),当前值=15 允许[1030](通过),当前值=370 允许[250500](通过),当前值=1196 允许[9001200](通过),当前值=4015 允许[38004500](通过),当前值=3317 允许[32503400](通过),当前值=4854 允许[48005100](通过),0(通过),已连接(通过),已确认(通过),2.13(通过),40(通过),24(通过),1(通过),按键ID:3 期望:3(通过),按键ID:2 期望:2(通过),按键ID:1 期望:1(通过),1(通过),1(通过),1(通过),工作电流测量完成 机号=1(通过),1(通过),ok(通过)
M800DCC400000F7F1LMB66G00354,自由测试工站   V1.1.14,DC:C4:00:00:0F:7F,2026-06-18 20:09:17,FAIL,1(通过),当前值=1 允许[012](通过),当前值=15 允许[1030](通过),当前值=387 允许[250500](通过),当前值=1196 允许[9001200](通过),当前值=3972 允许[38004500](通过),当前值=3320 允许[32503400](通过),当前值=4838 允许[48005100](通过),0(通过),已连接(通过),已确认(通过),2.13(通过),69(通过),23(通过),1(通过),按键ID:3 期望:3(通过),按键ID:2 期望:2(通过),按键ID:1 期望:1(通过),1(通过),1(通过),1(通过),工作电流测量完成 机号=1(通过),1(通过),ok(通过)
M800DCC400000F8F1LMB66G00353,自由测试工站   V1.1.14,DC:C4:00:00:0F:8F,2026-06-18 20:18:04,FAIL,1(通过),当前值=1 允许[012](通过),当前值=16 允许[1030](通过),当前值=374 允许[250500](通过),当前值=1084 允许[9001200](通过),当前值=3959 允许[38004500](通过),当前值=3327 允许[32503400](通过),当前值=4806 允许[48005100](通过),0(通过),已连接(通过),已确认(通过),2.13(通过),59(通过),23(通过),1(通过),按键ID:3 期望:3(通过),按键ID:2 期望:2(通过),按键ID:1 期望:1(通过),1(通过),1(通过),1(通过),工作电流测量完成 机号=1(通过),1(通过),ok(通过)
M800DCC400000F9F1LMB66G00352,自由测试工站   V1.1.14,DC:C4:00:00:0F:9F,2026-06-18 19:51:57,FAIL,1(通过),当前值=1 允许[012](通过),当前值=14 允许[1030](通过),当前值=376 允许[250500](通过),当前值=1198 允许[9001200](通过),当前值=4026 允许[38004500](通过),当前值=3311 允许[32503400](通过),当前值=4878 允许[48005100](通过),0(通过),已连接(通过),已确认(通过),2.13(通过),52(通过),24(通过),1(通过),按键ID:3 期望:3(通过),按键ID:2 期望:2(通过),按键ID:1 期望:1(通过),1(通过),1(通过),1(通过),工作电流测量完成 机号=1(通过),1(通过),ok(通过)
M800DCC400000FAF1LMB66G00351,自由测试工站   V1.1.14,DC:C4:00:00:0F:AF,2026-06-18 19:46:18,PASS,1(通过),当前值=1 允许[012](通过),当前值=15 允许[1030](通过),当前值=383 允许[250500](通过),当前值=1056 允许[9001200](通过),当前值=3983 允许[38004500](通过),当前值=3313 允许[32503400](通过),当前值=4837 允许[48005100](通过),0(通过),已连接(通过),已确认(通过),2.13(通过),60(通过),23(通过),1(通过),按键ID:3 期望:3(通过),按键ID:2 期望:2(通过),按键ID:1 期望:1(通过),1(通过),1(通过),1(通过),工作电流测量完成 机号=1(通过),1(通过),ok(通过)
M800DCC400000FBF1LMB66G00350,自由测试工站   V1.1.14,DC:C4:00:00:0F:BF,2026-06-18 19:59:49,FAIL,1(通过),当前值=1 允许[012](通过),当前值=15 允许[1030](通过),当前值=255 允许[250500](通过),当前值=1183 允许[9001200](通过),当前值=4002 允许[38004500](通过),当前值=3313 允许[32503400](通过),当前值=4850 允许[48005100](通过),0(通过),已连接(通过),已确认(通过),2.13(通过),43(通过),24(通过),1(通过),按键ID:3 期望:3(通过),按键ID:2 期望:2(通过),按键ID:1 期望:1(通过),1(通过),1(通过),1(通过),工作电流测量完成 机号=1(通过),1(通过),ok(通过)
M800DCC400000FCF1LMB66G00349,自由测试工站   V1.1.14,DC:C4:00:00:0F:CF,2026-06-18 19:45:32,PASS,1(通过),当前值=1 允许[012](通过),当前值=15 允许[1030](通过),当前值=384 允许[250500](通过),当前值=1183 允许[9001200](通过),当前值=4012 允许[38004500](通过),当前值=3312 允许[32503400](通过),当前值=4883 允许[48005100](通过),0(通过),已连接(通过),已确认(通过),2.13(通过),65(通过),24(通过),1(通过),按键ID:3 期望:3(通过),按键ID:2 期望:2(通过),按键ID:1 期望:1(通过),1(通过),1(通过),1(通过),工作电流测量完成 机号=1(通过),1(通过),ok(通过)
M800DCC400000FDF1LMB66G00348,自由测试工站   V1.1.14,DC:C4:00:00:0F:DF,2026-06-18 19:48:58,FAIL,1(通过),当前值=1 允许[012](通过),当前值=15 允许[1030](通过),当前值=375 允许[250500](通过),当前值=1101 允许[9001200](通过),当前值=3980 允许[38004500](通过),当前值=3311 允许[32503400](通过),当前值=4863 允许[48005100](通过),0(通过),已连接(通过),已确认(通过),2.13(通过),55(通过),23(通过),1(通过),按键ID:3 期望:3(通过),按键ID:2 期望:2(通过),按键ID:1 期望:1(通过),1(通过),1(通过),1(通过),工作电流测量完成 机号=1(通过),1(通过),ok(通过)
M800DCC400000FEF1LMB66G00347,自由测试工站   V1.1.14,DC:C4:00:00:0F:EF,2026-06-18 19:47:09,FAIL,1(通过),当前值=1 允许[012](通过),当前值=15 允许[1030](通过),当前值=379 允许[250500](通过),当前值=1189 允许[9001200](通过),当前值=3990 允许[38004500](通过),当前值=3310 允许[32503400](通过),当前值=4854 允许[48005100](通过),0(通过),已连接(通过),已确认(通过),2.13(通过),50(通过),23(通过),1(通过),按键ID:3 期望:3(通过),按键ID:2 期望:2(通过),按键ID:1 期望:1(通过),1(通过),1(通过),1(通过),工作电流测量完成 机号=1(通过),1(通过),ok(通过)
M800DCC400000FFF1LMB66G00346,自由测试工站   V1.1.14,DC:C4:00:00:0F:FF,2026-06-18 21:39:23,FAIL,1(通过),当前值=1 允许[012](通过),当前值=15 允许[1030](通过),当前值=279 允许[250500](通过),当前值=1091 允许[9001200](通过),当前值=3952 允许[38004500](通过),当前值=3308 允许[32503400](通过),当前值=4855 允许[48005100](通过),0(通过),已连接(通过),已确认(通过),2.13(通过),65(通过),23(通过),1(通过),按键ID:3 期望:3(通过),按键ID:2 期望:2(通过),按键ID:1 期望:1(通过),1(通过),1(通过),1(通过),工作电流测量完成 机号=1(通过),1(通过),ok(通过)
M800DCC4000010001LMB66G00345,自由测试工站   V1.1.14,DC:C4:00:00:10:00,2026-06-18 20:57:53,FAIL,1(通过),当前值=1 允许[012](通过),当前值=15 允许[1030](通过),当前值=386 允许[250500](通过),当前值=1026 允许[9001200](通过),当前值=4043 允许[38004500](通过),当前值=3313 允许[32503400](通过),当前值=4858 允许[48005100](通过),0(通过),已连接(通过),已确认(通过),2.13(通过),52(通过),23(通过),1(通过),按键ID:3 期望:3(通过),按键ID:2 期望:2(通过),按键ID:1 期望:1(通过),1(通过),1(通过),1(通过),工作电流测量完成 机号=1(通过),1(通过),ok(通过)
M800DCC4000010101LMB66G00344,自由测试工站   V1.1.14,DC:C4:00:00:10:10,2026-06-23 14:13:08,FAIL,1(通过),当前值=1 允许[012](通过),当前值=15 允许[1030](通过),当前值=370 允许[250500](通过),当前值=1109 允许[9001200](通过),当前值=3929 允许[38004500](通过),当前值=3310 允许[32503400](通过),当前值=4821 允许[48005100](通过),0(通过),已连接(通过),已确认(通过),2.13(通过),54(通过),23(通过),1(通过),按键ID:3 期望:3(通过),按键ID:2 期望:2(通过),按键ID:1 期望:1(通过),1(通过),1(通过),1(通过),工作电流测量完成 机号=1(通过),1(通过),ok(通过)
M800DCC4000010201LMB66G00343,自由测试工站   V1.1.14,DC:C4:00:00:10:20,2026-06-18 21:06:52,FAIL,1(通过),当前值=1 允许[012](通过),当前值=15 允许[1030](通过),当前值=379 允许[250500](通过),当前值=1141 允许[9001200](通过),当前值=3953 允许[38004500](通过),当前值=3309 允许[32503400](通过),当前值=4849 允许[48005100](通过),0(通过),已连接(通过),已确认(通过),2.13(通过),55(通过),24(通过),1(通过),按键ID:3 期望:3(通过),按键ID:2 期望:2(通过),按键ID:1 期望:1(通过),1(通过),1(通过),1(通过),工作电流测量完成 机号=1(通过),1(通过),ok(通过)
M800DCC4000010301LMB66G00342,自由测试工站   V1.1.14,DC:C4:00:00:10:30,2026-06-18 20:52:42,FAIL,1(通过),当前值=1 允许[012](通过),当前值=15 允许[1030](通过),当前值=376 允许[250500](通过),当前值=1192 允许[9001200](通过),当前值=3903 允许[38004500](通过),当前值=3320 允许[32503400](通过),当前值=4849 允许[48005100](通过),0(通过),已连接(通过),已确认(通过),2.13(通过),52(通过),23(通过),1(通过),按键ID:3 期望:3(通过),按键ID:2 期望:2(通过),按键ID:1 期望:1(通过),1(通过),1(通过),1(通过),工作电流测量完成 机号=1(通过),1(通过),ok(通过)
M800DCC4000010401LMB66G00341,自由测试工站   V1.1.14,DC:C4:00:00:10:40,2026-06-23 14:13:43,FAIL,1(通过),当前值=1 允许[012](通过),当前值=15 允许[1030](通过),当前值=371 允许[250500](通过),当前值=1066 允许[9001200](通过),当前值=3968 允许[38004500](通过),当前值=3318 允许[32503400](通过),当前值=4824 允许[48005100](通过),0(通过),已连接(通过),已确认(通过),2.13(通过),59(通过),23(通过),1(通过),按键ID:3 期望:3(通过),按键ID:2 期望:2(通过),按键ID:1 期望:1(通过),1(通过),1(通过),1(通过),工作电流测量完成 机号=1(通过),1(通过),ok(通过)
M800DCC4000010501LMB66G00340,自由测试工站   V1.1.14,DC:C4:00:00:10:50,2026-06-23 14:14:37,FAIL,1(通过),当前值=1 允许[012](通过),当前值=15 允许[1030](通过),当前值=371 允许[250500](通过),当前值=1180 允许[9001200](通过),当前值=3933 允许[38004500](通过),当前值=3315 允许[32503400](通过),当前值=4852 允许[48005100](通过),0(通过),已连接(通过),已确认(通过),2.13(通过),43(通过),24(通过),1(通过),按键ID:3 期望:3(通过),按键ID:2 期望:2(通过),按键ID:1 期望:1(通过),1(通过),1(通过),1(通过),工作电流测量完成 机号=1(通过),1(通过),ok(通过)
M800DCC4000010601LMB66G00339,自由测试工站   V1.1.14,DC:C4:00:00:10:60,2026-06-18 21:05:26,FAIL,1(通过),当前值=1 允许[012](通过),当前值=15 允许[1030](通过),当前值=367 允许[250500](通过),当前值=1149 允许[9001200](通过),当前值=3963 允许[38004500](通过),当前值=3301 允许[32503400](通过),当前值=4818 允许[48005100](通过),0(通过),已连接(通过),已确认(通过),2.13(通过),54(通过),24(通过),1(通过),按键ID:3 期望:3(通过),按键ID:2 期望:2(通过),按键ID:1 期望:1(通过),1(通过),1(通过),1(通过),工作电流测量完成 机号=1(通过),1(通过),ok(通过)
M800DCC4000010701LMB66G00338,自由测试工站   V1.1.14,DC:C4:00:00:10:70,2026-06-23 14:12:51,FAIL,1(通过),当前值=1 允许[012](通过),当前值=15 允许[1030](通过),当前值=366 允许[250500](通过),当前值=1105 允许[9001200](通过),当前值=3906 允许[38004500](通过),当前值=3281 允许[32503400](通过),当前值=4836 允许[48005100](通过),0(通过),已连接(通过),已确认(通过),2.13(通过),55(通过),23(通过),1(通过),按键ID:3 期望:3(通过),按键ID:2 期望:2(通过),按键ID:1 期望:1(通过),1(通过),1(通过),1(通过),工作电流测量完成 机号=1(通过),1(通过),ok(通过)
M800DCC4000010801LMB66G00337,自由测试工站   V1.1.14,DC:C4:00:00:10:80,2026-06-23 14:13:37,FAIL,1(通过),当前值=1 允许[012](通过),当前值=15 允许[1030](通过),当前值=279 允许[250500](通过),当前值=1116 允许[9001200](通过),当前值=4025 允许[38004500](通过),当前值=3313 允许[32503400](通过),当前值=4852 允许[48005100](通过),0(通过),已连接(通过),已确认(通过),2.13(通过),50(通过),23(通过),1(通过),按键ID:3 期望:3(通过),按键ID:2 期望:2(通过),按键ID:1 期望:1(通过),1(通过),1(通过),1(通过),工作电流测量完成 机号=1(通过),1(通过),ok(通过)
M800DCC4000010901LMB66G00336,自由测试工站   V1.1.14,DC:C4:00:00:10:90,2026-06-18 21:18:32,PASS,1(通过),当前值=1 允许[012](通过),当前值=15 允许[1030](通过),当前值=397 允许[250500](通过),当前值=1196 允许[9001200](通过),当前值=3972 允许[38004500](通过),当前值=3315 允许[32503400](通过),当前值=4845 允许[48005100](通过),0(通过),已连接(通过),已确认(通过),2.13(通过),62(通过),24(通过),1(通过),按键ID:3 期望:3(通过),按键ID:2 期望:2(通过),按键ID:1 期望:1(通过),1(通过),1(通过),1(通过),工作电流测量完成 机号=1(通过),1(通过),ok(通过)
M800DCC4000010A01LMB66G00335,自由测试工站   V1.1.14,DC:C4:00:00:10:A0,2026-06-23 14:13:38,FAIL,1(通过),当前值=1 允许[012](通过),当前值=16 允许[1030](通过),当前值=378 允许[250500](通过),当前值=1007 允许[9001200](通过),当前值=4044 允许[38004500](通过),当前值=3277 允许[32503400](通过),当前值=4876 允许[48005100](通过),0(通过),已连接(通过),已确认(通过),2.13(通过),50(通过),25(通过),1(通过),按键ID:3 期望:3(通过),按键ID:2 期望:2(通过),按键ID:1 期望:1(通过),1(通过),1(通过),1(通过),工作电流测量完成 机号=1(通过),1(通过),ok(通过)
M800DCC4000010B01LMB66G00334,自由测试工站   V1.1.14,DC:C4:00:00:10:B0,2026-06-18 20:42:03,FAIL,1(通过),当前值=1 允许[012](通过),当前值=15 允许[1030](通过),当前值=377 允许[250500](通过),当前值=1095 允许[9001200](通过),当前值=4037 允许[38004500](通过),当前值=3331 允许[32503400](通过),当前值=4868 允许[48005100](通过),0(通过),已连接(通过),已确认(通过),2.13(通过),52(通过),24(通过),1(通过),按键ID:3 期望:3(通过),按键ID:2 期望:2(通过),按键ID:1 期望:1(通过),1(通过),1(通过),1(通过),工作电流测量完成 机号=1(通过),1(通过),ok(通过)
M800DCC4000010C01LMB66G00333,自由测试工站   V1.1.14,DC:C4:00:00:10:C0,2026-06-18 20:05:35,PASS,1(通过),当前值=1 允许[012](通过),当前值=15 允许[1030](通过),当前值=368 允许[250500](通过),当前值=1198 允许[9001200](通过),当前值=4016 允许[38004500](通过),当前值=3309 允许[32503400](通过),当前值=4849 允许[48005100](通过),0(通过),已连接(通过),已确认(通过),2.13(通过),52(通过),24(通过),1(通过),按键ID:3 期望:3(通过),按键ID:2 期望:2(通过),按键ID:1 期望:1(通过),1(通过),1(通过),1(通过),工作电流测量完成 机号=1(通过),1(通过),ok(通过)
M800DCC4000010D01LMB66G00332,自由测试工站   V1.1.14,DC:C4:00:00:10:D0,2026-06-18 21:08:47,PASS,1(通过),当前值=1 允许[012](通过),当前值=15 允许[1030](通过),当前值=399 允许[250500](通过),当前值=1168 允许[9001200](通过),当前值=4036 允许[38004500](通过),当前值=3320 允许[32503400](通过),当前值=4866 允许[48005100](通过),0(通过),已连接(通过),已确认(通过),2.13(通过),55(通过),23(通过),1(通过),按键ID:3 期望:3(通过),按键ID:2 期望:2(通过),按键ID:1 期望:1(通过),1(通过),1(通过),1(通过),工作电流测量完成 机号=1(通过),1(通过),ok(通过)
M800DCC4000010E01LMB66G00331,自由测试工站   V1.1.14,DC:C4:00:00:10:E0,2026-06-18 21:09:39,PASS,1(通过),当前值=1 允许[012](通过),当前值=15 允许[1030](通过),当前值=391 允许[250500](通过),当前值=1166 允许[9001200](通过),当前值=4060 允许[38004500](通过),当前值=3377 允许[32503400](通过),当前值=4872 允许[48005100](通过),0(通过),已连接(通过),已确认(通过),2.13(通过),50(通过),23(通过),1(通过),按键ID:3 期望:3(通过),按键ID:2 期望:2(通过),按键ID:1 期望:1(通过),1(通过),1(通过),1(通过),工作电流测量完成 机号=1(通过),1(通过),ok(通过)
M800DCC4000010F01LMB66G00330,自由测试工站   V1.1.14,DC:C4:00:00:10:F0,2026-06-18 21:12:06,FAIL,1(通过),当前值=1 允许[012](通过),当前值=15 允许[1030](通过),当前值=298 允许[250500](通过),当前值=1184 允许[9001200](通过),当前值=4036 允许[38004500](通过),当前值=3311 允许[32503400](通过),当前值=4859 允许[48005100](通过),0(通过),已连接(通过),已确认(通过),2.13(通过),54(通过),24(通过),1(通过),按键ID:3 期望:3(通过),按键ID:2 期望:2(通过),按键ID:1 期望:1(通过),1(通过),1(通过),1(通过),工作电流测量完成 机号=1(通过),1(通过),ok(通过)
M800DCC4000011011LMB66G00329,自由测试工站   V1.1.14,DC:C4:00:00:11:01,2026-06-18 21:21:01,PASS,1(通过),当前值=1 允许[012](通过),当前值=15 允许[1030](通过),当前值=257 允许[250500](通过),当前值=1042 允许[9001200](通过),当前值=4023 允许[38004500](通过),当前值=3316 允许[32503400](通过),当前值=4864 允许[48005100](通过),0(通过),已连接(通过),已确认(通过),2.13(通过),55(通过),24(通过),1(通过),按键ID:3 期望:3(通过),按键ID:2 期望:2(通过),按键ID:1 期望:1(通过),1(通过),1(通过),1(通过),工作电流测量完成 机号=1(通过),1(通过),ok(通过)
M800DCC4000011111LMB66G00328,自由测试工站   V1.1.14,DC:C4:00:00:11:11,2026-06-18 21:15:50,PASS,1(通过),当前值=1 允许[012](通过),当前值=15 允许[1030](通过),当前值=333 允许[250500](通过),当前值=1106 允许[9001200](通过),当前值=4006 允许[38004500](通过),当前值=3324 允许[32503400](通过),当前值=4876 允许[48005100](通过),0(通过),已连接(通过),已确认(通过),2.13(通过),52(通过),24(通过),1(通过),按键ID:3 期望:3(通过),按键ID:2 期望:2(通过),按键ID:1 期望:1(通过),1(通过),1(通过),1(通过),工作电流测量完成 机号=1(通过),1(通过),ok(通过)
M800DCC4000011211LMB66G00327,自由测试工站   V1.1.14,DC:C4:00:00:11:21,2026-06-23 14:13:36,FAIL,1(通过),当前值=1 允许[012](通过),当前值=14 允许[1030](通过),当前值=376 允许[250500](通过),当前值=1152 允许[9001200](通过),当前值=4048 允许[38004500](通过),当前值=3316 允许[32503400](通过),当前值=4856 允许[48005100](通过),0(通过),已连接(通过),已确认(通过),2.13(通过),55(通过),23(通过),1(通过),按键ID:3 期望:3(通过),按键ID:2 期望:2(通过),按键ID:1 期望:1(通过),1(通过),1(通过),1(通过),工作电流测量完成 机号=1(通过),1(通过),ok(通过)
M800DCC4000011311LMB66G00326,自由测试工站   V1.1.14,DC:C4:00:00:11:31,2026-06-18 21:14:11,FAIL,1(通过),当前值=1 允许[012](通过),当前值=15 允许[1030](通过),当前值=383 允许[250500](通过),当前值=1158 允许[9001200](通过),当前值=4020 允许[38004500](通过),当前值=3306 允许[32503400](通过),当前值=4869 允许[48005100](通过),0(通过),已连接(通过),已确认(通过),2.13(通过),62(通过),23(通过),1(通过),按键ID:3 期望:3(通过),按键ID:2 期望:2(通过),按键ID:1 期望:1(通过),1(通过),1(通过),1(通过),工作电流测量完成 机号=1(通过),1(通过),ok(通过)
M800DCC4000011411LMB66G00325,自由测试工站   V1.1.14,DC:C4:00:00:11:41,2026-06-18 21:37:13,FAIL,1(通过),当前值=1 允许[012](通过),当前值=16 允许[1030](通过),当前值=394 允许[250500](通过),当前值=1040 允许[9001200](通过),当前值=3944 允许[38004500](通过),当前值=3324 允许[32503400](通过),当前值=4857 允许[48005100](通过),0(通过),已连接(通过),已确认(通过),2.13(通过),55(通过),24(通过),1(通过),按键ID:3 期望:3(通过),按键ID:2 期望:2(通过),按键ID:1 期望:1(通过),1(通过),1(通过),1(通过),工作电流测量完成 机号=1(通过),1(通过),ok(通过)
M800DCC4000011511LMB66G00324,自由测试工站   V1.1.14,DC:C4:00:00:11:51,2026-06-18 20:33:24,FAIL,1(通过),当前值=1 允许[012](通过),当前值=15 允许[1030](通过),当前值=378 允许[250500](通过),当前值=1116 允许[9001200](通过),当前值=3928 允许[38004500](通过),当前值=3309 允许[32503400](通过),当前值=4855 允许[48005100](通过),0(通过),已连接(通过),已确认(通过),2.13(通过),62(通过),24(通过),1(通过),按键ID:3 期望:3(通过),按键ID:2 期望:2(通过),按键ID:1 期望:1(通过),1(通过),1(通过),1(通过),工作电流测量完成 机号=1(通过),1(通过),ok(通过)
M800DCC4000011611LMB66G00323,自由测试工站   V1.1.14,DC:C4:00:00:11:61,2026-06-18 20:32:05,FAIL,1(通过),当前值=1 允许[012](通过),当前值=15 允许[1030](通过),当前值=388 允许[250500](通过),当前值=1191 允许[9001200](通过),当前值=4012 允许[38004500](通过),当前值=3312 允许[32503400](通过),当前值=4866 允许[48005100](通过),0(通过),已连接(通过),已确认(通过),2.13(通过),54(通过),23(通过),1(通过),按键ID:3 期望:3(通过),按键ID:2 期望:2(通过),按键ID:1 期望:1(通过),1(通过),1(通过),1(通过),工作电流测量完成 机号=1(通过),1(通过),ok(通过)
M800DCC4000011711LMB66G00322,自由测试工站   V1.1.14,DC:C4:00:00:11:71,2026-06-18 20:26:12,FAIL,1(通过),当前值=1 允许[012](通过),当前值=15 允许[1030](通过),当前值=379 允许[250500](通过),当前值=1137 允许[9001200](通过),当前值=4017 允许[38004500](通过),当前值=3309 允许[32503400](通过),当前值=4871 允许[48005100](通过),0(通过),已连接(通过),已确认(通过),2.13(通过),59(通过),24(通过),1(通过),按键ID:3 期望:3(通过),按键ID:2 期望:2(通过),按键ID:1 期望:1(通过),1(通过),1(通过),1(通过),工作电流测量完成 机号=1(通过),1(通过),ok(通过)
M800DCC4000011811LMB66G00321,自由测试工站   V1.1.14,DC:C4:00:00:11:81,2026-06-18 19:54:44,FAIL,1(通过),当前值=1 允许[012](通过),当前值=15 允许[1030](通过),当前值=382 允许[250500](通过),当前值=1200 允许[9001200](通过),当前值=3986 允许[38004500](通过),当前值=3320 允许[32503400](通过),当前值=4854 允许[48005100](通过),0(通过),已连接(通过),已确认(通过),2.13(通过),54(通过),24(通过),1(通过),按键ID:3 期望:3(通过),按键ID:2 期望:2(通过),按键ID:1 期望:1(通过),1(通过),1(通过),1(通过),工作电流测量完成 机号=1(通过),1(通过),ok(通过)
M800DCC4000011911LMB66G00320,自由测试工站   V1.1.14,DC:C4:00:00:11:91,2026-06-18 21:27:09,FAIL,1(通过),当前值=1 允许[012](通过),当前值=15 允许[1030](通过),当前值=371 允许[250500](通过),当前值=1193 允许[9001200](通过),当前值=3948 允许[38004500](通过),当前值=3309 允许[32503400](通过),当前值=4863 允许[48005100](通过),0(通过),已连接(通过),已确认(通过),2.13(通过),52(通过),24(通过),1(通过),按键ID:3 期望:3(通过),按键ID:2 期望:2(通过),按键ID:1 期望:1(通过),1(通过),1(通过),1(通过),工作电流测量完成 机号=1(通过),1(通过),ok(通过)
M800DCC4000011A11LMB66G00319,自由测试工站   V1.1.14,DC:C4:00:00:11:A1,2026-06-18 21:17:56,FAIL,1(通过),当前值=1 允许[012](通过),当前值=16 允许[1030](通过),当前值=408 允许[250500](通过),当前值=1111 允许[9001200](通过),当前值=4023 允许[38004500](通过),当前值=3322 允许[32503400](通过),当前值=4880 允许[48005100](通过),0(通过),已连接(通过),已确认(通过),2.13(通过),52(通过),24(通过),1(通过),按键ID:3 期望:3(通过),按键ID:2 期望:2(通过),按键ID:1 期望:1(通过),1(通过),1(通过),1(通过),工作电流测量完成 机号=1(通过),1(通过),ok(通过)
M800DCC4000011B11LMB66G00318,自由测试工站   V1.1.14,DC:C4:00:00:11:B1,2026-06-18 20:00:49,FAIL,1(通过),当前值=1 允许[012](通过),当前值=14 允许[1030](通过),当前值=377 允许[250500](通过),当前值=1118 允许[9001200](通过),当前值=4025 允许[38004500](通过),当前值=3269 允许[32503400](通过),当前值=4842 允许[48005100](通过),0(通过),已连接(通过),已确认(通过),2.13(通过),57(通过),23(通过),1(通过),按键ID:3 期望:3(通过),按键ID:2 期望:2(通过),按键ID:1 期望:1(通过),1(通过),1(通过),1(通过),工作电流测量完成 机号=1(通过),1(通过),ok(通过)
M800DCC4000011C11LMB66G00317,自由测试工站   V1.1.14,DC:C4:00:00:11:C1,2026-06-18 20:16:44,FAIL,1(通过),当前值=1 允许[012](通过),当前值=15 允许[1030](通过),当前值=382 允许[250500](通过),当前值=1185 允许[9001200](通过),当前值=3989 允许[38004500](通过),当前值=3316 允许[32503400](通过),当前值=4836 允许[48005100](通过),0(通过),已连接(通过),已确认(通过),2.13(通过),54(通过),23(通过),1(通过),按键ID:3 期望:3(通过),按键ID:2 期望:2(通过),按键ID:1 期望:1(通过),1(通过),1(通过),1(通过),工作电流测量完成 机号=1(通过),1(通过),ok(通过)
M800DCC4000011D11LMB66G00316,自由测试工站   V1.1.14,DC:C4:00:00:11:D1,2026-06-23 14:13:44,FAIL,1(通过),当前值=1 允许[012](通过),当前值=15 允许[1030](通过),当前值=373 允许[250500](通过),当前值=1177 允许[9001200](通过),当前值=4048 允许[38004500](通过),当前值=3326 允许[32503400](通过),当前值=4833 允许[48005100](通过),0(通过),已连接(通过),已确认(通过),2.13(通过),52(通过),24(通过),1(通过),按键ID:3 期望:3(通过),按键ID:2 期望:2(通过),按键ID:1 期望:1(通过),1(通过),1(通过),1(通过),工作电流测量完成 机号=1(通过),1(通过),ok(通过)
M800DCC4000011E11LMB66G00315,自由测试工站   V1.1.14,DC:C4:00:00:11:E1,2026-06-18 20:34:59,PASS,1(通过),当前值=1 允许[012](通过),当前值=15 允许[1030](通过),当前值=381 允许[250500](通过),当前值=1116 允许[9001200](通过),当前值=4021 允许[38004500](通过),当前值=3344 允许[32503400](通过),当前值=4841 允许[48005100](通过),0(通过),已连接(通过),已确认(通过),2.13(通过),45(通过),24(通过),1(通过),按键ID:3 期望:3(通过),按键ID:2 期望:2(通过),按键ID:1 期望:1(通过),1(通过),1(通过),1(通过),工作电流测量完成 机号=1(通过),1(通过),ok(通过)
M800DCC4000011F11LMB66G00314,自由测试工站   V1.1.14,DC:C4:00:00:11:F1,2026-06-18 20:31:20,PASS,1(通过),当前值=1 允许[012](通过),当前值=15 允许[1030](通过),当前值=315 允许[250500](通过),当前值=1196 允许[9001200](通过),当前值=3981 允许[38004500](通过),当前值=3314 允许[32503400](通过),当前值=4845 允许[48005100](通过),0(通过),已连接(通过),已确认(通过),2.13(通过),65(通过),23(通过),1(通过),按键ID:3 期望:3(通过),按键ID:2 期望:2(通过),按键ID:1 期望:1(通过),1(通过),1(通过),1(通过),工作电流测量完成 机号=1(通过),1(通过),ok(通过)
M800DCC4000012021LMB66G00313,自由测试工站   V1.1.14,DC:C4:00:00:12:02,2026-06-18 20:38:27,PASS,1(通过),当前值=1 允许[012](通过),当前值=15 允许[1030](通过),当前值=370 允许[250500](通过),当前值=1187 允许[9001200](通过),当前值=4025 允许[38004500](通过),当前值=3299 允许[32503400](通过),当前值=4846 允许[48005100](通过),0(通过),已连接(通过),已确认(通过),2.13(通过),60(通过),23(通过),1(通过),按键ID:3 期望:3(通过),按键ID:2 期望:2(通过),按键ID:1 期望:1(通过),1(通过),1(通过),1(通过),工作电流测量完成 机号=1(通过),1(通过),ok(通过)
M800DCC4000012121LMB66G00312,自由测试工站   V1.1.14,DC:C4:00:00:12:12,2026-06-18 20:39:13,FAIL,1(通过),当前值=1 允许[012](通过),当前值=15 允许[1030](通过),当前值=378 允许[250500](通过),当前值=1129 允许[9001200](通过),当前值=4029 允许[38004500](通过),当前值=3324 允许[32503400](通过),当前值=4886 允许[48005100](通过),0(通过),已连接(通过),已确认(通过),2.13(通过),54(通过),23(通过),1(通过),按键ID:3 期望:3(通过),按键ID:2 期望:2(通过),按键ID:1 期望:1(通过),1(通过),1(通过),1(通过),工作电流测量完成 机号=1(通过),1(通过),ok(通过)
M800DCC4000012221LMB66G00311,自由测试工站   V1.1.14,DC:C4:00:00:12:22,2026-06-18 21:43:14,FAIL,1(通过),当前值=1 允许[012](通过),当前值=15 允许[1030](通过),当前值=384 允许[250500](通过),当前值=1063 允许[9001200](通过),当前值=4019 允许[38004500](通过),当前值=3321 允许[32503400](通过),当前值=4850 允许[48005100](通过),0(通过),已连接(通过),已确认(通过),2.13(通过),59(通过),23(通过),1(通过),按键ID:3 期望:3(通过),按键ID:2 期望:2(通过),按键ID:1 期望:1(通过),1(通过),1(通过),1(通过),工作电流测量完成 机号=1(通过),1(通过),ok(通过)
M800DCC4000012321LMB66G00310,自由测试工站   V1.1.14,DC:C4:00:00:12:32,2026-06-18 20:41:17,FAIL,1(通过),当前值=1 允许[012](通过),当前值=15 允许[1030](通过),当前值=365 允许[250500](通过),当前值=1017 允许[9001200](通过),当前值=3942 允许[38004500](通过),当前值=3327 允许[32503400](通过),当前值=4827 允许[48005100](通过),0(通过),已连接(通过),已确认(通过),2.13(通过),40(通过),24(通过),1(通过),按键ID:3 期望:3(通过),按键ID:2 期望:2(通过),按键ID:1 期望:1(通过),1(通过),1(通过),1(通过),工作电流测量完成 机号=1(通过),1(通过),ok(通过)
M800DCC4000012421LMB66G00309,自由测试工站   V1.1.14,DC:C4:00:00:12:42,2026-06-18 20:40:34,PASS,1(通过),当前值=1 允许[012](通过),当前值=16 允许[1030](通过),当前值=365 允许[250500](通过),当前值=1163 允许[9001200](通过),当前值=4018 允许[38004500](通过),当前值=3307 允许[32503400](通过),当前值=4869 允许[48005100](通过),0(通过),已连接(通过),已确认(通过),2.13(通过),60(通过),23(通过),1(通过),按键ID:3 期望:3(通过),按键ID:2 期望:2(通过),按键ID:1 期望:1(通过),1(通过),1(通过),1(通过),工作电流测量完成 机号=1(通过),1(通过),ok(通过)
M800DCC4000012521LMB66G00308,自由测试工站   V1.1.14,DC:C4:00:00:12:52,2026-06-18 20:47:29,FAIL,1(通过),当前值=1 允许[012](通过),当前值=16 允许[1030](通过),当前值=377 允许[250500](通过),当前值=1183 允许[9001200](通过),当前值=3991 允许[38004500](通过),当前值=3289 允许[32503400](通过),当前值=4852 允许[48005100](通过),0(通过),已连接(通过),已确认(通过),2.13(通过),57(通过),23(通过),1(通过),按键ID:3 期望:3(通过),按键ID:2 期望:2(通过),按键ID:1 期望:1(通过),1(通过),1(通过),1(通过),工作电流测量完成 机号=1(通过),1(通过),ok(通过)
M800DCC4000012621LMB66G00307,自由测试工站   V1.1.14,DC:C4:00:00:12:62,2026-06-18 20:37:05,FAIL,1(通过),当前值=1 允许[012](通过),当前值=15 允许[1030](通过),当前值=340 允许[250500](通过),当前值=1024 允许[9001200](通过),当前值=4026 允许[38004500](通过),当前值=3302 允许[32503400](通过),当前值=4872 允许[48005100](通过),0(通过),已连接(通过),已确认(通过),2.13(通过),52(通过),24(通过),1(通过),按键ID:3 期望:3(通过),按键ID:2 期望:2(通过),按键ID:1 期望:1(通过),1(通过),1(通过),1(通过),工作电流测量完成 机号=1(通过),1(通过),ok(通过)
M800DCC4000012721LMB66G00306,自由测试工站   V1.1.14,DC:C4:00:00:12:72,2026-06-18 21:40:08,FAIL,1(通过),当前值=1 允许[012](通过),当前值=16 允许[1030](通过),当前值=387 允许[250500](通过),当前值=1099 允许[9001200](通过),当前值=3993 允许[38004500](通过),当前值=3281 允许[32503400](通过),当前值=4830 允许[48005100](通过),0(通过),已连接(通过),已确认(通过),2.13(通过),55(通过),23(通过),1(通过),按键ID:3 期望:3(通过),按键ID:2 期望:2(通过),按键ID:1 期望:1(通过),1(通过),1(通过),1(通过),工作电流测量完成 机号=1(通过),1(通过),ok(通过)
M800DCC4000012821LMB66G00305,自由测试工站   V1.1.14,DC:C4:00:00:12:82,2026-06-18 21:28:19,FAIL,1(通过),当前值=1 允许[012](通过),当前值=16 允许[1030](通过),当前值=387 允许[250500](通过),当前值=1047 允许[9001200](通过),当前值=4012 允许[38004500](通过),当前值=3279 允许[32503400](通过),当前值=4846 允许[48005100](通过),0(通过),已连接(通过),已确认(通过),2.13(通过),45(通过),24(通过),1(通过),按键ID:3 期望:3(通过),按键ID:2 期望:2(通过),按键ID:1 期望:1(通过),1(通过),1(通过),1(通过),工作电流测量完成 机号=1(通过),1(通过),ok(通过)
M800DCC4000012921LMB66G00304,自由测试工站   V1.1.14,DC:C4:00:00:12:92,2026-06-18 21:25:02,PASS,1(通过),当前值=1 允许[012](通过),当前值=15 允许[1030](通过),当前值=369 允许[250500](通过),当前值=1119 允许[9001200](通过),当前值=4009 允许[38004500](通过),当前值=3318 允许[32503400](通过),当前值=4819 允许[48005100](通过),0(通过),已连接(通过),已确认(通过),2.13(通过),50(通过),24(通过),1(通过),按键ID:3 期望:3(通过),按键ID:2 期望:2(通过),按键ID:1 期望:1(通过),1(通过),1(通过),1(通过),工作电流测量完成 机号=1(通过),1(通过),ok(通过)
M800DCC4000012A21LMB66G00303,自由测试工站   V1.1.14,DC:C4:00:00:12:A2,2026-06-23 14:13:52,FAIL,1(通过),当前值=1 允许[012](通过),当前值=15 允许[1030](通过),当前值=362 允许[250500](通过),当前值=1128 允许[9001200](通过),当前值=3981 允许[38004500](通过),当前值=3315 允许[32503400](通过),当前值=4842 允许[48005100](通过),0(通过),已连接(通过),已确认(通过),2.13(通过),55(通过),23(通过),1(通过),按键ID:3 期望:3(通过),按键ID:2 期望:2(通过),按键ID:1 期望:1(通过),1(通过),1(通过),1(通过),工作电流测量完成 机号=1(通过),1(通过),ok(通过)
M800DCC4000012B21LMB66G00302,自由测试工站   V1.1.14,DC:C4:00:00:12:B2,2026-06-18 20:51:14,FAIL,1(通过),当前值=1 允许[012](通过),当前值=15 允许[1030](通过),当前值=400 允许[250500](通过),当前值=1141 允许[9001200](通过),当前值=4011 允许[38004500](通过),当前值=3309 允许[32503400](通过),当前值=4868 允许[48005100](通过),0(通过),已连接(通过),已确认(通过),2.13(通过),59(通过),25(通过),1(通过),按键ID:3 期望:3(通过),按键ID:2 期望:2(通过),按键ID:1 期望:1(通过),1(通过),1(通过),1(通过),工作电流测量完成 机号=1(通过),1(通过),ok(通过)
M800DCC4000012C21LMB66G00301,自由测试工站   V1.1.14,DC:C4:00:00:12:C2,2026-06-18 20:59:23,PASS,1(通过),当前值=1 允许[012](通过),当前值=15 允许[1030](通过),当前值=372 允许[250500](通过),当前值=1087 允许[9001200](通过),当前值=4016 允许[38004500](通过),当前值=3326 允许[32503400](通过),当前值=4859 允许[48005100](通过),0(通过),已连接(通过),已确认(通过),2.13(通过),64(通过),23(通过),1(通过),按键ID:3 期望:3(通过),按键ID:2 期望:2(通过),按键ID:1 期望:1(通过),1(通过),1(通过),1(通过),工作电流测量完成 机号=1(通过),1(通过),ok(通过)
M800DCC4000012D21LMB66G00300,自由测试工站   V1.1.14,DC:C4:00:00:12:D2,2026-06-18 21:10:37,FAIL,1(通过),当前值=1 允许[012](通过),当前值=16 允许[1030](通过),当前值=363 允许[250500](通过),当前值=1191 允许[9001200](通过),当前值=3982 允许[38004500](通过),当前值=3314 允许[32503400](通过),当前值=4846 允许[48005100](通过),0(通过),已连接(通过),已确认(通过),2.13(通过),50(通过),23(通过),1(通过),按键ID:3 期望:3(通过),按键ID:2 期望:2(通过),按键ID:1 期望:1(通过),1(通过),1(通过),1(通过),工作电流测量完成 机号=1(通过),1(通过),ok(通过)
M800DCC4000012E21LMB66G00299,自由测试工站   V1.1.14,DC:C4:00:00:12:E2,2026-06-23 14:13:50,FAIL,1(通过),当前值=1 允许[012](通过),当前值=15 允许[1030](通过),当前值=370 允许[250500](通过),当前值=1196 允许[9001200](通过),当前值=3941 允许[38004500](通过),当前值=3291 允许[32503400](通过),当前值=4893 允许[48005100](通过),0(通过),已连接(通过),已确认(通过),2.13(通过),62(通过),23(通过),1(通过),按键ID:3 期望:3(通过),按键ID:2 期望:2(通过),按键ID:1 期望:1(通过),1(通过),1(通过),1(通过),工作电流测量完成 机号=1(通过),1(通过),ok(通过)
M800DCC4000012F21LMB66G00298,自由测试工站   V1.1.14,DC:C4:00:00:12:F2,2026-06-18 20:44:10,FAIL,1(通过),当前值=1 允许[012](通过),当前值=15 允许[1030](通过),当前值=400 允许[250500](通过),当前值=1070 允许[9001200](通过),当前值=3971 允许[38004500](通过),当前值=3309 允许[32503400](通过),当前值=4836 允许[48005100](通过),0(通过),已连接(通过),已确认(通过),2.13(通过),52(通过),23(通过),1(通过),按键ID:3 期望:3(通过),按键ID:2 期望:2(通过),按键ID:1 期望:1(通过),1(通过),1(通过),1(通过),工作电流测量完成 机号=1(通过),1(通过),ok(通过)
M800DCC4000013031LMB66G00297,自由测试工站   V1.1.14,DC:C4:00:00:13:03,2026-06-18 21:47:07,FAIL,1(通过),当前值=1 允许[012](通过),当前值=15 允许[1030](通过),当前值=393 允许[250500](通过),当前值=965 允许[9001200](通过),当前值=3985 允许[38004500](通过),当前值=3286 允许[32503400](通过),当前值=4841 允许[48005100](通过),0(通过),已连接(通过),已确认(通过),2.13(通过),50(通过),24(通过),1(通过),按键ID:3 期望:3(通过),按键ID:2 期望:2(通过),按键ID:1 期望:1(通过),1(通过),1(通过),1(通过),工作电流测量完成 机号=1(通过),1(通过),ok(通过)
M800DCC4000013131LMB66G00296,自由测试工站   V1.1.14,DC:C4:00:00:13:13,2026-06-18 21:38:14,FAIL,1(通过),当前值=1 允许[012](通过),当前值=15 允许[1030](通过),当前值=277 允许[250500](通过),当前值=1141 允许[9001200](通过),当前值=4004 允许[38004500](通过),当前值=3317 允许[32503400](通过),当前值=4852 允许[48005100](通过),0(通过),已连接(通过),已确认(通过),2.13(通过),43(通过),24(通过),1(通过),按键ID:3 期望:3(通过),按键ID:2 期望:2(通过),按键ID:1 期望:1(通过),1(通过),1(通过),1(通过),工作电流测量完成 机号=1(通过),1(通过),ok(通过)
M800DCC4000013231LMB66G00295,自由测试工站   V1.1.14,DC:C4:00:00:13:23,2026-06-18 21:21:58,FAIL,1(通过),当前值=1 允许[012](通过),当前值=15 允许[1030](通过),当前值=385 允许[250500](通过),当前值=1129 允许[9001200](通过),当前值=4001 允许[38004500](通过),当前值=3308 允许[32503400](通过),当前值=4848 允许[48005100](通过),0(通过),已连接(通过),已确认(通过),2.13(通过),54(通过),23(通过),1(通过),按键ID:3 期望:3(通过),按键ID:2 期望:2(通过),按键ID:1 期望:1(通过),1(通过),1(通过),1(通过),工作电流测量完成 机号=1(通过),1(通过),ok(通过)
M800DCC4000013331LMB66G00294,自由测试工站   V1.1.14,DC:C4:00:00:13:33,2026-06-23 14:12:15,FAIL,1(通过),当前值=1 允许[012](通过),当前值=14 允许[1030](通过),当前值=393 允许[250500](通过),当前值=1104 允许[9001200](通过),当前值=3939 允许[38004500](通过),当前值=3317 允许[32503400](通过),当前值=4853 允许[48005100](通过),0(通过),已连接(通过),已确认(通过),2.13(通过),52(通过),23(通过),1(通过),按键ID:3 期望:3(通过),按键ID:2 期望:2(通过),按键ID:1 期望:1(通过),1(通过),1(通过),1(通过),工作电流测量完成 机号=1(通过),1(通过),ok(通过)
M800DCC4000013431LMB66G00293,自由测试工站   V1.1.14,DC:C4:00:00:13:43,2026-06-18 21:03:05,PASS,1(通过),当前值=1 允许[012](通过),当前值=15 允许[1030](通过),当前值=374 允许[250500](通过),当前值=1188 允许[9001200](通过),当前值=4032 允许[38004500](通过),当前值=3285 允许[32503400](通过),当前值=4842 允许[48005100](通过),0(通过),已连接(通过),已确认(通过),2.13(通过),55(通过),23(通过),1(通过),按键ID:3 期望:3(通过),按键ID:2 期望:2(通过),按键ID:1 期望:1(通过),1(通过),1(通过),1(通过),工作电流测量完成 机号=1(通过),1(通过),ok(通过)
M800DCC4000013531LMB66G00292,自由测试工站   V1.1.14,DC:C4:00:00:13:53,2026-06-18 21:03:57,FAIL,1(通过),当前值=1 允许[012](通过),当前值=15 允许[1030](通过),当前值=375 允许[250500](通过),当前值=1197 允许[9001200](通过),当前值=3968 允许[38004500](通过),当前值=3316 允许[32503400](通过),当前值=4832 允许[48005100](通过),0(通过),已连接(通过),已确认(通过),2.13(通过),57(通过),23(通过),1(通过),按键ID:3 期望:3(通过),按键ID:2 期望:2(通过),按键ID:1 期望:1(通过),1(通过),1(通过),1(通过),工作电流测量完成 机号=1(通过),1(通过),ok(通过)
M800DCC4000013631LMB66G00291,自由测试工站   V1.1.14,DC:C4:00:00:13:63,2026-06-18 20:56:20,FAIL,1(通过),当前值=1 允许[012](通过),当前值=15 允许[1030](通过),当前值=380 允许[250500](通过),当前值=1189 允许[9001200](通过),当前值=3975 允许[38004500](通过),当前值=3324 允许[32503400](通过),当前值=4860 允许[48005100](通过),0(通过),已连接(通过),已确认(通过),2.13(通过),52(通过),23(通过),1(通过),按键ID:3 期望:3(通过),按键ID:2 期望:2(通过),按键ID:1 期望:1(通过),1(通过),1(通过),1(通过),工作电流测量完成 机号=1(通过),1(通过),ok(通过)
M800DCC4000013731LMB66G00290,自由测试工站   V1.1.14,DC:C4:00:00:13:73,2026-06-23 14:13:42,FAIL,1(通过),当前值=1 允许[012](通过),当前值=15 允许[1030](通过),当前值=373 允许[250500](通过),当前值=1162 允许[9001200](通过),当前值=4043 允许[38004500](通过),当前值=3315 允许[32503400](通过),当前值=4851 允许[48005100](通过),0(通过),已连接(通过),已确认(通过),2.13(通过),45(通过),23(通过),1(通过),按键ID:3 期望:3(通过),按键ID:2 期望:2(通过),按键ID:1 期望:1(通过),1(通过),1(通过),1(通过),工作电流测量完成 机号=1(通过),1(通过),ok(通过)
M800DCC4000013831LMB66G00289,自由测试工站   V1.1.14,DC:C4:00:00:13:83,2026-06-18 21:35:21,PASS,1(通过),当前值=1 允许[012](通过),当前值=15 允许[1030](通过),当前值=388 允许[250500](通过),当前值=999 允许[9001200](通过),当前值=3960 允许[38004500](通过),当前值=3309 允许[32503400](通过),当前值=4868 允许[48005100](通过),0(通过),已连接(通过),已确认(通过),2.13(通过),59(通过),24(通过),1(通过),按键ID:3 期望:3(通过),按键ID:2 期望:2(通过),按键ID:1 期望:1(通过),1(通过),1(通过),1(通过),工作电流测量完成 机号=1(通过),1(通过),ok(通过)
M800DCC4000013931LMB66G00288,自由测试工站   V1.1.14,DC:C4:00:00:13:93,2026-06-18 21:25:48,FAIL,1(通过),当前值=1 允许[012](通过),当前值=15 允许[1030](通过),当前值=368 允许[250500](通过),当前值=1167 允许[9001200](通过),当前值=3938 允许[38004500](通过),当前值=3304 允许[32503400](通过),当前值=4802 允许[48005100](通过),0(通过),已连接(通过),已确认(通过),2.13(通过),59(通过),23(通过),1(通过),按键ID:3 期望:3(通过),按键ID:2 期望:2(通过),按键ID:1 期望:1(通过),1(通过),1(通过),1(通过),工作电流测量完成 机号=1(通过),1(通过),ok(通过)
M800DCC4000013A31LMB66G00287,自由测试工站   V1.1.14,DC:C4:00:00:13:A3,2026-06-18 20:29:09,FAIL,1(通过),当前值=1 允许[012](通过),当前值=15 允许[1030](通过),当前值=375 允许[250500](通过),当前值=1191 允许[9001200](通过),当前值=3931 允许[38004500](通过),当前值=3314 允许[32503400](通过),当前值=4832 允许[48005100](通过),0(通过),已连接(通过),已确认(通过),2.13(通过),55(通过),25(通过),1(通过),按键ID:3 期望:3(通过),按键ID:2 期望:2(通过),按键ID:1 期望:1(通过),1(通过),1(通过),1(通过),工作电流测量完成 机号=1(通过),1(通过),ok(通过)
M800DCC4000013B31LMB66G00286,自由测试工站   V1.1.14,DC:C4:00:00:13:B3,2026-06-18 21:13:24,PASS,1(通过),当前值=1 允许[012](通过),当前值=15 允许[1030](通过),当前值=262 允许[250500](通过),当前值=1184 允许[9001200](通过),当前值=4039 允许[38004500](通过),当前值=3315 允许[32503400](通过),当前值=4855 允许[48005100](通过),0(通过),已连接(通过),已确认(通过),2.13(通过),69(通过),23(通过),1(通过),按键ID:3 期望:3(通过),按键ID:2 期望:2(通过),按键ID:1 期望:1(通过),1(通过),1(通过),1(通过),工作电流测量完成 机号=1(通过),1(通过),ok(通过)
M800DCC4000013C31LMB66G00285,自由测试工站   V1.1.14,DC:C4:00:00:13:C3,2026-06-18 21:23:29,FAIL,1(通过),当前值=1 允许[012](通过),当前值=15 允许[1030](通过),当前值=380 允许[250500](通过),当前值=1188 允许[9001200](通过),当前值=3959 允许[38004500](通过),当前值=3313 允许[32503400](通过),当前值=4836 允许[48005100](通过),0(通过),已连接(通过),已确认(通过),2.13(通过),40(通过),23(通过),1(通过),按键ID:3 期望:3(通过),按键ID:2 期望:2(通过),按键ID:1 期望:1(通过),1(通过),1(通过),1(通过),工作电流测量完成 机号=1(通过),1(通过),ok(通过)
M800DCC4000013D31LMB66G00284,自由测试工站   V1.1.14,DC:C4:00:00:13:D3,2026-06-18 21:30:33,PASS,1(通过),当前值=1 允许[012](通过),当前值=15 允许[1030](通过),当前值=372 允许[250500](通过),当前值=1200 允许[9001200](通过),当前值=3919 允许[38004500](通过),当前值=3308 允许[32503400](通过),当前值=4841 允许[48005100](通过),0(通过),已连接(通过),已确认(通过),2.13(通过),70(通过),24(通过),1(通过),按键ID:3 期望:3(通过),按键ID:2 期望:2(通过),按键ID:1 期望:1(通过),1(通过),1(通过),1(通过),工作电流测量完成 机号=1(通过),1(通过),ok(通过)
M800DCC4000013E31LMB66G00283,自由测试工站   V1.1.14,DC:C4:00:00:13:E3,2026-06-18 19:50:28,PASS,1(通过),当前值=1 允许[012](通过),当前值=16 允许[1030](通过),当前值=376 允许[250500](通过),当前值=1139 允许[9001200](通过),当前值=3982 允许[38004500](通过),当前值=3326 允许[32503400](通过),当前值=4876 允许[48005100](通过),0(通过),已连接(通过),已确认(通过),2.13(通过),57(通过),24(通过),1(通过),按键ID:3 期望:3(通过),按键ID:2 期望:2(通过),按键ID:1 期望:1(通过),1(通过),1(通过),1(通过),工作电流测量完成 机号=1(通过),1(通过),ok(通过)
M800DCC4000013F31LMB66G00282,自由测试工站   V1.1.14,DC:C4:00:00:13:F3,2026-06-23 14:12:57,FAIL,1(通过),当前值=1 允许[012](通过),当前值=15 允许[1030](通过),当前值=391 允许[250500](通过),当前值=1188 允许[9001200](通过),当前值=4014 允许[38004500](通过),当前值=3320 允许[32503400](通过),当前值=4847 允许[48005100](通过),0(通过),已连接(通过),已确认(通过),2.13(通过),45(通过),24(通过),1(通过),按键ID:3 期望:3(通过),按键ID:2 期望:2(通过),按键ID:1 期望:1(通过),1(通过),1(通过),1(通过),工作电流测量完成 机号=1(通过),1(通过),ok(通过)
M800DCC4000014041LMB66G00281,自由测试工站   V1.1.14,DC:C4:00:00:14:04,2026-06-23 14:13:22,FAIL,1(通过),当前值=1 允许[012](通过),当前值=16 允许[1030](通过),当前值=376 允许[250500](通过),当前值=1162 允许[9001200](通过),当前值=4037 允许[38004500](通过),当前值=3312 允许[32503400](通过),当前值=4854 允许[48005100](通过),0(通过),已连接(通过),已确认(通过),2.13(通过),55(通过),24(通过),1(通过),按键ID:3 期望:3(通过),按键ID:2 期望:2(通过),按键ID:1 期望:1(通过),1(通过),1(通过),1(通过),工作电流测量完成 机号=1(通过),1(通过),ok(通过)
M800DCC4000014141LMB66G00280,自由测试工站   V1.1.14,DC:C4:00:00:14:14,2026-06-23 14:13:27,FAIL,1(通过),当前值=1 允许[012](通过),当前值=17 允许[1030](通过),当前值=356 允许[250500](通过),当前值=1112 允许[9001200](通过),当前值=3951 允许[38004500](通过),当前值=3311 允许[32503400](通过),当前值=4819 允许[48005100](通过),0(通过),已连接(通过),已确认(通过),2.13(通过),45(通过),23(通过),1(通过),按键ID:3 期望:3(通过),按键ID:2 期望:2(通过),按键ID:1 期望:1(通过),1(通过),1(通过),1(通过),工作电流测量完成 机号=1(通过),1(通过),ok(通过)
M800DCC4000014241LMB66G00279,自由测试工站   V1.1.14,DC:C4:00:00:14:24,2026-06-23 14:13:13,FAIL,1(通过),当前值=1 允许[012](通过),当前值=14 允许[1030](通过),当前值=366 允许[250500](通过),当前值=1188 允许[9001200](通过),当前值=3945 允许[38004500](通过),当前值=3315 允许[32503400](通过),当前值=4803 允许[48005100](通过),0(通过),已连接(通过),已确认(通过),2.13(通过),54(通过),24(通过),1(通过),按键ID:3 期望:3(通过),按键ID:2 期望:2(通过),按键ID:1 期望:1(通过),1(通过),1(通过),1(通过),工作电流测量完成 机号=1(通过),1(通过),ok(通过)
M800DCC4000014341LMB66G00278,自由测试工站   V1.1.14,DC:C4:00:00:14:34,2026-06-23 14:12:43,FAIL,1(通过),当前值=1 允许[012](通过),当前值=14 允许[1030](通过),当前值=371 允许[250500](通过),当前值=1168 允许[9001200](通过),当前值=3968 允许[38004500](通过),当前值=3317 允许[32503400](通过),当前值=4836 允许[48005100](通过),0(通过),已连接(通过),已确认(通过),2.13(通过),48(通过),24(通过),1(通过),按键ID:3 期望:3(通过),按键ID:2 期望:2(通过),按键ID:1 期望:1(通过),1(通过),1(通过),1(通过),工作电流测量完成 机号=1(通过),1(通过),ok(通过)
M800DCC4000014441LMB66G00277,自由测试工站   V1.1.14,DC:C4:00:00:14:44,2026-06-23 14:13:02,FAIL,1(通过),当前值=1 允许[012](通过),当前值=15 允许[1030](通过),当前值=330 允许[250500](通过),当前值=1146 允许[9001200](通过),当前值=4033 允许[38004500](通过),当前值=3302 允许[32503400](通过),当前值=4867 允许[48005100](通过),0(通过),已连接(通过),已确认(通过),2.13(通过),60(通过),23(通过),1(通过),按键ID:3 期望:3(通过),按键ID:2 期望:2(通过),按键ID:1 期望:1(通过),1(通过),1(通过),1(通过),工作电流测量完成 机号=1(通过),1(通过),ok(通过)
M800DCC4000014541LMB66G00276,自由测试工站   V1.1.14,DC:C4:00:00:14:54,2026-06-23 14:14:35,FAIL,1(通过),当前值=1 允许[012](通过),当前值=16 允许[1030](通过),当前值=259 允许[250500](通过),当前值=1085 允许[9001200](通过),当前值=3902 允许[38004500](通过),当前值=3307 允许[32503400](通过),当前值=4860 允许[48005100](通过),0(通过),已连接(通过),已确认(通过),2.13(通过),50(通过),24(通过),1(通过),按键ID:3 期望:3(通过),按键ID:2 期望:2(通过),按键ID:1 期望:1(通过),1(通过),1(通过),1(通过),工作电流测量完成 机号=1(通过),1(通过),ok(通过)
M800DCC4000014641LMB66G00275,自由测试工站   V1.1.14,DC:C4:00:00:14:64,2026-06-23 14:13:35,FAIL,1(通过),当前值=1 允许[012](通过),当前值=15 允许[1030](通过),当前值=372 允许[250500](通过),当前值=1111 允许[9001200](通过),当前值=3945 允许[38004500](通过),当前值=3315 允许[32503400](通过),当前值=4856 允许[48005100](通过),0(通过),已连接(通过),已确认(通过),2.13(通过),55(通过),23(通过),1(通过),按键ID:3 期望:3(通过),按键ID:2 期望:2(通过),按键ID:1 期望:1(通过),1(通过),1(通过),1(通过),工作电流测量完成 机号=1(通过),1(通过),ok(通过)
M800DCC4000014741LMB66G00274,自由测试工站   V1.1.14,DC:C4:00:00:14:74,2026-06-23 14:13:49,FAIL,1(通过),当前值=1 允许[012](通过),当前值=16 允许[1030](通过),当前值=369 允许[250500](通过),当前值=1159 允许[9001200](通过),当前值=4018 允许[38004500](通过),当前值=3320 允许[32503400](通过),当前值=4855 允许[48005100](通过),0(通过),已连接(通过),已确认(通过),2.13(通过),75(通过),23(通过),1(通过),按键ID:3 期望:3(通过),按键ID:2 期望:2(通过),按键ID:1 期望:1(通过),1(通过),1(通过),1(通过),工作电流测量完成 机号=1(通过),1(通过),ok(通过)
M800DCC4000014841LMB66G00273,自由测试工站   V1.1.14,DC:C4:00:00:14:84,2026-06-18 19:56:10,FAIL,1(通过),当前值=1 允许[012](通过),当前值=15 允许[1030](通过),当前值=385 允许[250500](通过),当前值=1090 允许[9001200](通过),当前值=4015 允许[38004500](通过),当前值=3309 允许[32503400](通过),当前值=4840 允许[48005100](通过),0(通过),已连接(通过),已确认(通过),2.13(通过),60(通过),23(通过),1(通过),按键ID:3 期望:3(通过),按键ID:2 期望:2(通过),按键ID:1 期望:1(通过),1(通过),1(通过),1(通过),工作电流测量完成 机号=1(通过),1(通过),ok(通过)
M800DCC4000014941LMB66G00272,自由测试工站   V1.1.14,DC:C4:00:00:14:94,2026-06-18 21:29:51,FAIL,1(通过),当前值=1 允许[012](通过),当前值=16 允许[1030](通过),当前值=380 允许[250500](通过),当前值=1191 允许[9001200](通过),当前值=4022 允许[38004500](通过),当前值=3307 允许[32503400](通过),当前值=4869 允许[48005100](通过),0(通过),已连接(通过),已确认(通过),2.13(通过),70(通过),23(通过),1(通过),按键ID:3 期望:3(通过),按键ID:2 期望:2(通过),按键ID:1 期望:1(通过),1(通过),1(通过),1(通过),工作电流测量完成 机号=1(通过),1(通过),ok(通过)
M800DCC4000014A41LMB66G00271,自由测试工站   V1.1.14,DC:C4:00:00:14:A4,2026-06-23 14:14:33,FAIL,1(通过),当前值=1 允许[012](通过),当前值=14 允许[1030](通过),当前值=374 允许[250500](通过),当前值=1147 允许[9001200](通过),当前值=4048 允许[38004500](通过),当前值=3311 允许[32503400](通过),当前值=4871 允许[48005100](通过),0(通过),已连接(通过),已确认(通过),2.13(通过),59(通过),23(通过),1(通过),按键ID:3 期望:3(通过),按键ID:2 期望:2(通过),按键ID:1 期望:1(通过),1(通过),1(通过),1(通过),工作电流测量完成 机号=1(通过),1(通过),ok(通过)
M800DCC4000014B41LMB66G00270,自由测试工站   V1.1.14,DC:C4:00:00:14:B4,2026-06-18 19:54:00,PASS,1(通过),当前值=1 允许[012](通过),当前值=15 允许[1030](通过),当前值=368 允许[250500](通过),当前值=1139 允许[9001200](通过),当前值=4024 允许[38004500](通过),当前值=3327 允许[32503400](通过),当前值=4859 允许[48005100](通过),0(通过),已连接(通过),已确认(通过),2.13(通过),54(通过),23(通过),1(通过),按键ID:3 期望:3(通过),按键ID:2 期望:2(通过),按键ID:1 期望:1(通过),1(通过),1(通过),1(通过),工作电流测量完成 机号=1(通过),1(通过),ok(通过)
M800DCC4000014C41LMB66G00269,自由测试工站   V1.1.14,DC:C4:00:00:14:C4,2026-06-18 19:39:10,PASS,1(通过),当前值=1 允许[012](通过),当前值=15 允许[1030](通过),当前值=382 允许[250500](通过),当前值=1195 允许[9001200](通过),当前值=4050 允许[38004500](通过),当前值=3281 允许[32503400](通过),当前值=4875 允许[48005100](通过),0(通过),已连接(通过),已确认(通过),2.13(通过),50(通过),23(通过),1(通过),按键ID:3 期望:3(通过),按键ID:2 期望:2(通过),按键ID:1 期望:1(通过),1(通过),1(通过),1(通过),工作电流测量完成 机号=1(通过),1(通过),ok(通过)
M800DCC4000014D41LMB66G00268,自由测试工站   V1.1.14,DC:C4:00:00:14:D4,2026-06-18 19:38:10,FAIL,1(通过),当前值=1 允许[012](通过),当前值=15 允许[1030](通过),当前值=386 允许[250500](通过),当前值=1067 允许[9001200](通过),当前值=4030 允许[38004500](通过),当前值=3314 允许[32503400](通过),当前值=4867 允许[48005100](通过),0(通过),已连接(通过),已确认(通过),2.13(通过),54(通过),24(通过),1(通过),按键ID:3 期望:3(通过),按键ID:2 期望:2(通过),按键ID:1 期望:1(通过),1(通过),1(通过),1(通过),工作电流测量完成 机号=1(通过),1(通过),ok(通过)
M800DCC4000014E41LMB66G00267,自由测试工站   V1.1.14,DC:C4:00:00:14:E4,2026-06-18 20:23:57,FAIL,1(通过),当前值=1 允许[012](通过),当前值=15 允许[1030](通过),当前值=368 允许[250500](通过),当前值=1058 允许[9001200](通过),当前值=3980 允许[38004500](通过),当前值=3318 允许[32503400](通过),当前值=4802 允许[48005100](通过),0(通过),已连接(通过),已确认(通过),2.13(通过),62(通过),23(通过),1(通过),按键ID:3 期望:3(通过),按键ID:2 期望:2(通过),按键ID:1 期望:1(通过),1(通过),1(通过),1(通过),工作电流测量完成 机号=1(通过),1(通过),ok(通过)
M800DCC4000014F41LMB66G00266,自由测试工站   V1.1.14,DC:C4:00:00:14:F4,2026-06-18 21:32:33,FAIL,1(通过),当前值=1 允许[012](通过),当前值=15 允许[1030](通过),当前值=383 允许[250500](通过),当前值=1120 允许[9001200](通过),当前值=4013 允许[38004500](通过),当前值=3311 允许[32503400](通过),当前值=4848 允许[48005100](通过),0(通过),已连接(通过),已确认(通过),2.13(通过),57(通过),24(通过),1(通过),按键ID:3 期望:3(通过),按键ID:2 期望:2(通过),按键ID:1 期望:1(通过),1(通过),1(通过),1(通过),工作电流测量完成 机号=1(通过),1(通过),ok(通过)
M800DCC4000015051LMB66G00265,自由测试工站   V1.1.14,DC:C4:00:00:15:05,2026-06-18 20:35:41,FAIL,1(通过),当前值=1 允许[012](通过),当前值=15 允许[1030](通过),当前值=386 允许[250500](通过),当前值=988 允许[9001200](通过),当前值=4017 允许[38004500](通过),当前值=3325 允许[32503400](通过),当前值=4834 允许[48005100](通过),0(通过),已连接(通过),已确认(通过),2.13(通过),57(通过),23(通过),1(通过),按键ID:3 期望:3(通过),按键ID:2 期望:2(通过),按键ID:1 期望:1(通过),1(通过),1(通过),1(通过),工作电流测量完成 机号=1(通过),1(通过),ok(通过)
M800DCC4000015151LMB66G00264,自由测试工站   V1.1.14,DC:C4:00:00:15:15,2026-06-18 19:57:33,FAIL,1(通过),当前值=1 允许[012](通过),当前值=15 允许[1030](通过),当前值=379 允许[250500](通过),当前值=1108 允许[9001200](通过),当前值=4035 允许[38004500](通过),当前值=3326 允许[32503400](通过),当前值=4840 允许[48005100](通过),0(通过),已连接(通过),已确认(通过),2.13(通过),55(通过),23(通过),1(通过),按键ID:3 期望:3(通过),按键ID:2 期望:2(通过),按键ID:1 期望:1(通过),1(通过),1(通过),1(通过),工作电流测量完成 机号=1(通过),1(通过),ok(通过)
M800DCC4000015251LMB66G00263,自由测试工站   V1.1.14,DC:C4:00:00:15:25,2026-06-18 20:02:56,FAIL,1(通过),当前值=1 允许[012](通过),当前值=15 允许[1030](通过),当前值=382 允许[250500](通过),当前值=1154 允许[9001200](通过),当前值=3990 允许[38004500](通过),当前值=3289 允许[32503400](通过),当前值=4856 允许[48005100](通过),0(通过),已连接(通过),已确认(通过),2.13(通过),52(通过),23(通过),1(通过),按键ID:3 期望:3(通过),按键ID:2 期望:2(通过),按键ID:1 期望:1(通过),1(通过),1(通过),1(通过),工作电流测量完成 机号=1(通过),1(通过),ok(通过)
M800DCC4000015351LMB66G00262,自由测试工站   V1.1.14,DC:C4:00:00:15:35,2026-06-18 20:10:18,FAIL,1(通过),当前值=1 允许[012](通过),当前值=15 允许[1030](通过),当前值=290 允许[250500](通过),当前值=1142 允许[9001200](通过),当前值=4035 允许[38004500](通过),当前值=3318 允许[32503400](通过),当前值=4873 允许[48005100](通过),0(通过),已连接(通过),已确认(通过),2.13(通过),59(通过),24(通过),1(通过),按键ID:3 期望:3(通过),按键ID:2 期望:2(通过),按键ID:1 期望:1(通过),1(通过),1(通过),1(通过),工作电流测量完成 机号=1(通过),1(通过),ok(通过)
M800DCC4000015451LMB66G00261,自由测试工站   V1.1.14,DC:C4:00:00:15:45,2026-06-23 14:13:34,FAIL,1(通过),当前值=1 允许[012](通过),当前值=15 允许[1030](通过),当前值=375 允许[250500](通过),当前值=1163 允许[9001200](通过),当前值=4035 允许[38004500](通过),当前值=3311 允许[32503400](通过),当前值=4849 允许[48005100](通过),0(通过),已连接(通过),已确认(通过),2.13(通过),54(通过),24(通过),1(通过),按键ID:3 期望:3(通过),按键ID:2 期望:2(通过),按键ID:1 期望:1(通过),1(通过),1(通过),1(通过),工作电流测量完成 机号=1(通过),1(通过),ok(通过)
M800DCC4000015551LMB66G00260,自由测试工站   V1.1.14,DC:C4:00:00:15:55,2026-06-23 14:13:45,FAIL,1(通过),当前值=1 允许[012](通过),当前值=15 允许[1030](通过),当前值=374 允许[250500](通过),当前值=1116 允许[9001200](通过),当前值=3936 允许[38004500](通过),当前值=3316 允许[32503400](通过),当前值=4816 允许[48005100](通过),0(通过),已连接(通过),已确认(通过),2.13(通过),59(通过),23(通过),1(通过),按键ID:3 期望:3(通过),按键ID:2 期望:2(通过),按键ID:1 期望:1(通过),1(通过),1(通过),1(通过),工作电流测量完成 机号=1(通过),1(通过),ok(通过)
M800DCC4000015651LMB66G00259,自由测试工站   V1.1.14,DC:C4:00:00:15:65,2026-06-18 20:08:31,PASS,1(通过),当前值=1 允许[012](通过),当前值=15 允许[1030](通过),当前值=332 允许[250500](通过),当前值=1129 允许[9001200](通过),当前值=4032 允许[38004500](通过),当前值=3322 允许[32503400](通过),当前值=4867 允许[48005100](通过),0(通过),已连接(通过),已确认(通过),2.13(通过),52(通过),23(通过),1(通过),按键ID:3 期望:3(通过),按键ID:2 期望:2(通过),按键ID:1 期望:1(通过),1(通过),1(通过),1(通过),工作电流测量完成 机号=1(通过),1(通过),ok(通过)
M800DCC4000015751LMB66G00258,自由测试工站   V1.1.14,DC:C4:00:00:15:75,2026-06-18 20:14:43,FAIL,1(通过),当前值=1 允许[012](通过),当前值=15 允许[1030](通过),当前值=367 允许[250500](通过),当前值=1198 允许[9001200](通过),当前值=4039 允许[38004500](通过),当前值=3322 允许[32503400](通过),当前值=4882 允许[48005100](通过),0(通过),已连接(通过),已确认(通过),2.13(通过),48(通过),24(通过),1(通过),按键ID:3 期望:3(通过),按键ID:2 期望:2(通过),按键ID:1 期望:1(通过),1(通过),1(通过),1(通过),工作电流测量完成 机号=1(通过),1(通过),ok(通过)
M800DCC4000015851LMB66G00257,自由测试工站   V1.1.14,DC:C4:00:00:15:85,2026-06-18 20:04:10,PASS,1(通过),当前值=1 允许[012](通过),当前值=14 允许[1030](通过),当前值=275 允许[250500](通过),当前值=1196 允许[9001200](通过),当前值=4007 允许[38004500](通过),当前值=3304 允许[32503400](通过),当前值=4845 允许[48005100](通过),0(通过),已连接(通过),已确认(通过),2.13(通过),57(通过),24(通过),1(通过),按键ID:3 期望:3(通过),按键ID:2 期望:2(通过),按键ID:1 期望:1(通过),1(通过),1(通过),1(通过),工作电流测量完成 机号=1(通过),1(通过),ok(通过)
M800DCC4000015951LMB66G00256,自由测试工站   V1.1.14,DC:C4:00:00:15:95,2026-06-23 14:13:47,FAIL,1(通过),当前值=1 允许[012](通过),当前值=15 允许[1030](通过),当前值=308 允许[250500](通过),当前值=1114 允许[9001200](通过),当前值=3887 允许[38004500](通过),当前值=3320 允许[32503400](通过),当前值=4852 允许[48005100](通过),0(通过),已连接(通过),已确认(通过),2.13(通过),60(通过),23(通过),1(通过),按键ID:3 期望:3(通过),按键ID:2 期望:2(通过),按键ID:1 期望:1(通过),1(通过),1(通过),1(通过),工作电流测量完成 机号=1(通过),1(通过),ok(通过)
M800DCC4000015A51LMB66G00255,自由测试工站   V1.1.14,DC:C4:00:00:15:A5,2026-06-18 19:56:42,PASS,1(通过),当前值=1 允许[012](通过),当前值=15 允许[1030](通过),当前值=400 允许[250500](通过),当前值=1192 允许[9001200](通过),当前值=3956 允许[38004500](通过),当前值=3307 允许[32503400](通过),当前值=4858 允许[48005100](通过),0(通过),已连接(通过),已确认(通过),2.13(通过),45(通过),23(通过),1(通过),按键ID:3 期望:3(通过),按键ID:2 期望:2(通过),按键ID:1 期望:1(通过),1(通过),1(通过),1(通过),工作电流测量完成 机号=1(通过),1(通过),ok(通过)
M800DCC4000015B51LMB66G00254,自由测试工站   V1.1.14,DC:C4:00:00:15:B5,2026-06-23 14:13:18,FAIL,1(通过),当前值=1 允许[012](通过),当前值=15 允许[1030](通过),当前值=385 允许[250500](通过),当前值=1111 允许[9001200](通过),当前值=3955 允许[38004500](通过),当前值=3326 允许[32503400](通过),当前值=4865 允许[48005100](通过),0(通过),已连接(通过),已确认(通过),2.13(通过),52(通过),23(通过),1(通过),按键ID:3 期望:3(通过),按键ID:2 期望:2(通过),按键ID:1 期望:1(通过),1(通过),1(通过),1(通过),工作电流测量完成 机号=1(通过),1(通过),ok(通过)
M800DCC4000015C51LMB66G00253,自由测试工站   V1.1.14,DC:C4:00:00:15:C5,2026-06-18 20:26:49,FAIL,1(通过),当前值=1 允许[012](通过),当前值=16 允许[1030](通过),当前值=376 允许[250500](通过),当前值=1200 允许[9001200](通过),当前值=3967 允许[38004500](通过),当前值=3274 允许[32503400](通过),当前值=4867 允许[48005100](通过),0(通过),已连接(通过),已确认(通过),2.13(通过),57(通过),23(通过),1(通过),按键ID:3 期望:3(通过),按键ID:2 期望:2(通过),按键ID:1 期望:1(通过),1(通过),1(通过),1(通过),工作电流测量完成 机号=1(通过),1(通过),ok(通过)
M800DCC4000015D51LMB66G00252,自由测试工站   V1.1.14,DC:C4:00:00:15:D5,2026-06-18 20:23:09,PASS,1(通过),当前值=1 允许[012](通过),当前值=15 允许[1030](通过),当前值=383 允许[250500](通过),当前值=1035 允许[9001200](通过),当前值=3999 允许[38004500](通过),当前值=3320 允许[32503400](通过),当前值=4867 允许[48005100](通过),0(通过),已连接(通过),已确认(通过),2.13(通过),48(通过),23(通过),1(通过),按键ID:3 期望:3(通过),按键ID:2 期望:2(通过),按键ID:1 期望:1(通过),1(通过),1(通过),1(通过),工作电流测量完成 机号=1(通过),1(通过),ok(通过)
M800DCC4000015E51LMB66G00251,自由测试工站   V1.1.14,DC:C4:00:00:15:E5,2026-06-23 14:13:40,FAIL,1(通过),当前值=1 允许[012](通过),当前值=15 允许[1030](通过),当前值=382 允许[250500](通过),当前值=1148 允许[9001200](通过),当前值=4035 允许[38004500](通过),当前值=3309 允许[32503400](通过),当前值=4853 允许[48005100](通过),0(通过),已连接(通过),已确认(通过),2.13(通过),52(通过),24(通过),1(通过),按键ID:3 期望:3(通过),按键ID:2 期望:2(通过),按键ID:1 期望:1(通过),1(通过),1(通过),1(通过),工作电流测量完成 机号=1(通过),1(通过),ok(通过)
M800DCC4000015F51LMB66G00250,自由测试工站   V1.1.14,DC:C4:00:00:15:F5,2026-06-18 19:30:41,FAIL,1(通过),当前值=1 允许[012](通过),当前值=17 允许[1030](通过),当前值=379 允许[250500](通过),当前值=1195 允许[9001200](通过),当前值=4010 允许[38004500](通过),当前值=3287 允许[32503400](通过),当前值=4873 允许[48005100](通过),0(通过),已连接(通过),已确认(通过),2.13(通过),43(通过),24(通过),1(通过),按键ID:3 期望:3(通过),按键ID:2 期望:2(通过),按键ID:1 期望:1(通过),1(通过),1(通过),1(通过),工作电流测量完成 机号=1(通过),1(通过),ok(通过)
M800DCC4000016061LMB66G00249,自由测试工站   V1.1.14,DC:C4:00:00:16:06,2026-06-18 19:34:55,PASS,1(通过),当前值=1 允许[012](通过),当前值=15 允许[1030](通过),当前值=376 允许[250500](通过),当前值=1135 允许[9001200](通过),当前值=4027 允许[38004500](通过),当前值=3305 允许[32503400](通过),当前值=4867 允许[48005100](通过),0(通过),已连接(通过),已确认(通过),2.13(通过),43(通过),24(通过),1(通过),按键ID:3 期望:3(通过),按键ID:2 期望:2(通过),按键ID:1 期望:1(通过),1(通过),1(通过),1(通过),工作电流测量完成 机号=1(通过),1(通过),ok(通过)
M800DCC4000016161LMB66G00248,自由测试工站   V1.1.14,DC:C4:00:00:16:16,2026-06-18 20:13:27,FAIL,1(通过),当前值=1 允许[012](通过),当前值=15 允许[1030](通过),当前值=374 允许[250500](通过),当前值=1193 允许[9001200](通过),当前值=3979 允许[38004500](通过),当前值=3286 允许[32503400](通过),当前值=4827 允许[48005100](通过),0(通过),已连接(通过),已确认(通过),2.13(通过),52(通过),23(通过),1(通过),按键ID:3 期望:3(通过),按键ID:2 期望:2(通过),按键ID:1 期望:1(通过),1(通过),1(通过),1(通过),工作电流测量完成 机号=1(通过),1(通过),ok(通过)
M800DCC4000016261LMB66G00247,自由测试工站   V1.1.14,DC:C4:00:00:16:26,2026-06-18 20:18:44,FAIL,1(通过),当前值=1 允许[012](通过),当前值=15 允许[1030](通过),当前值=385 允许[250500](通过),当前值=1024 允许[9001200](通过),当前值=3956 允许[38004500](通过),当前值=3287 允许[32503400](通过),当前值=4848 允许[48005100](通过),0(通过),已连接(通过),已确认(通过),2.13(通过),48(通过),23(通过),1(通过),按键ID:3 期望:3(通过),按键ID:2 期望:2(通过),按键ID:1 期望:1(通过),1(通过),1(通过),1(通过),工作电流测量完成 机号=1(通过),1(通过),ok(通过)
M800DCC4000016361LMB66G00246,自由测试工站   V1.1.14,DC:C4:00:00:16:36,2026-06-18 20:12:40,PASS,1(通过),当前值=1 允许[012](通过),当前值=15 允许[1030](通过),当前值=377 允许[250500](通过),当前值=1188 允许[9001200](通过),当前值=4003 允许[38004500](通过),当前值=3307 允许[32503400](通过),当前值=4873 允许[48005100](通过),0(通过),已连接(通过),已确认(通过),2.13(通过),50(通过),24(通过),1(通过),按键ID:3 期望:3(通过),按键ID:2 期望:2(通过),按键ID:1 期望:1(通过),1(通过),1(通过),1(通过),工作电流测量完成 机号=1(通过),1(通过),ok(通过)
M800DCC4000016461LMB66G00245,自由测试工站   V1.1.14,DC:C4:00:00:16:46,2026-06-18 15:36:42,PASS,1(通过),当前值=1 允许[012](通过),当前值=15 允许[1030](通过),当前值=388 允许[250500](通过),当前值=1154 允许[9001200](通过),当前值=3977 允许[38004500](通过),当前值=3318 允许[32503400](通过),当前值=4829 允许[48005100](通过),0(通过),已连接(通过),已确认(通过),2.13(通过),55(通过),23(通过),1(通过),按键ID:3 期望:3(通过),按键ID:2 期望:2(通过),按键ID:1 期望:1(通过),1(通过),1(通过),1(通过),工作电流测量完成 机号=1(通过),1(通过),ok(通过)
M800DCC4000016561LMB66G00244,自由测试工站   V1.1.14,DC:C4:00:00:16:56,2026-06-18 15:20:10,PASS,1(通过),当前值=1 允许[012](通过),当前值=15 允许[1030](通过),当前值=344 允许[250500](通过),当前值=1042 允许[9001200](通过),当前值=4032 允许[38004500](通过),当前值=3327 允许[32503400](通过),当前值=4879 允许[48005100](通过),0(通过),已连接(通过),已确认(通过),2.13(通过),62(通过),23(通过),1(通过),按键ID:3 期望:3(通过),按键ID:2 期望:2(通过),按键ID:1 期望:1(通过),1(通过),1(通过),1(通过),工作电流测量完成 机号=1(通过),1(通过),ok(通过)
M800DCC4000016661LMB66G00243,自由测试工站   V1.1.14,DC:C4:00:00:16:66,2026-06-18 15:25:06,FAIL,1(通过),当前值=1 允许[012](通过),当前值=15 允许[1030](通过),当前值=392 允许[250500](通过),当前值=1056 允许[9001200](通过),当前值=3994 允许[38004500](通过),当前值=3320 允许[32503400](通过),当前值=4873 允许[48005100](通过),0(通过),已连接(通过),已确认(通过),2.13(通过),57(通过),23(通过),1(通过),按键ID:3 期望:3(通过),按键ID:2 期望:2(通过),按键ID:1 期望:1(通过),1(通过),1(通过),1(通过),工作电流测量完成 机号=1(通过),1(通过),ok(通过)
M800DCC4000016761LMB66G00242,自由测试工站   V1.1.14,DC:C4:00:00:16:76,2026-06-18 15:32:15,PASS,1(通过),当前值=1 允许[012](通过),当前值=15 允许[1030](通过),当前值=392 允许[250500](通过),当前值=1056 允许[9001200](通过),当前值=3969 允许[38004500](通过),当前值=3313 允许[32503400](通过),当前值=4847 允许[48005100](通过),0(通过),已连接(通过),已确认(通过),2.13(通过),64(通过),23(通过),1(通过),按键ID:3 期望:3(通过),按键ID:2 期望:2(通过),按键ID:1 期望:1(通过),1(通过),1(通过),1(通过),工作电流测量完成 机号=1(通过),1(通过),ok(通过)
M800DCC4000016861LMB66G00241,自由测试工站   V1.1.14,DC:C4:00:00:16:86,2026-06-18 15:24:02,PASS,1(通过),当前值=1 允许[012](通过),当前值=15 允许[1030](通过),当前值=382 允许[250500](通过),当前值=1195 允许[9001200](通过),当前值=3982 允许[38004500](通过),当前值=3312 允许[32503400](通过),当前值=4855 允许[48005100](通过),0(通过),已连接(通过),已确认(通过),2.13(通过),55(通过),23(通过),1(通过),按键ID:3 期望:3(通过),按键ID:2 期望:2(通过),按键ID:1 期望:1(通过),1(通过),1(通过),1(通过),工作电流测量完成 机号=1(通过),1(通过),ok(通过)
M800DCC4000016961LMB66G00240,自由测试工站   V1.1.14,DC:C4:00:00:16:96,2026-06-18 15:38:31,FAIL,1(通过),当前值=1 允许[012](通过),当前值=16 允许[1030](通过),当前值=386 允许[250500](通过),当前值=1020 允许[9001200](通过),当前值=3999 允许[38004500](通过),当前值=3314 允许[32503400](通过),当前值=4860 允许[48005100](通过),0(通过),已连接(通过),已确认(通过),2.13(通过),59(通过),23(通过),1(通过),按键ID:3 期望:3(通过),按键ID:2 期望:2(通过),按键ID:1 期望:1(通过),1(通过),1(通过),1(通过),工作电流测量完成 机号=1(通过),1(通过),ok(通过)
M800DCC4000016A61LMB66G00239,自由测试工站   V1.1.14,DC:C4:00:00:16:A6,2026-06-18 15:35:34,FAIL,1(通过),当前值=1 允许[012](通过),当前值=15 允许[1030](通过),当前值=376 允许[250500](通过),当前值=1090 允许[9001200](通过),当前值=4005 允许[38004500](通过),当前值=3340 允许[32503400](通过),当前值=4860 允许[48005100](通过),0(通过),已连接(通过),已确认(通过),2.13(通过),54(通过),23(通过),1(通过),按键ID:3 期望:3(通过),按键ID:2 期望:2(通过),按键ID:1 期望:1(通过),1(通过),1(通过),1(通过),工作电流测量完成 机号=1(通过),1(通过),ok(通过)
M800DCC4000016B61LMB66G00238,自由测试工站   V1.1.14,DC:C4:00:00:16:B6,2026-06-18 15:41:17,FAIL,1(通过),当前值=1 允许[012](通过),当前值=16 允许[1030](通过),当前值=266 允许[250500](通过),当前值=1187 允许[9001200](通过),当前值=4032 允许[38004500](通过),当前值=3312 允许[32503400](通过),当前值=4860 允许[48005100](通过),0(通过),已连接(通过),已确认(通过),2.13(通过),59(通过),24(通过),1(通过),按键ID:3 期望:3(通过),按键ID:2 期望:2(通过),按键ID:1 期望:1(通过),1(通过),1(通过),1(通过),工作电流测量完成 机号=1(通过),1(通过),ok(通过)
M800DCC4000016C61LMB66G00237,自由测试工站   V1.1.14,DC:C4:00:00:16:C6,2026-06-18 15:30:35,FAIL,1(通过),当前值=1 允许[012](通过),当前值=15 允许[1030](通过),当前值=366 允许[250500](通过),当前值=1192 允许[9001200](通过),当前值=4035 允许[38004500](通过),当前值=3321 允许[32503400](通过),当前值=4895 允许[48005100](通过),0(通过),已连接(通过),已确认(通过),2.13(通过),50(通过),24(通过),1(通过),按键ID:3 期望:3(通过),按键ID:2 期望:2(通过),按键ID:1 期望:1(通过),1(通过),1(通过),1(通过),工作电流测量完成 机号=1(通过),1(通过),ok(通过)
M800DCC4000016D61LMB66G00236,自由测试工站   V1.1.14,DC:C4:00:00:16:D6,2026-06-18 15:28:50,FAIL,1(通过),当前值=1 允许[012](通过),当前值=15 允许[1030](通过),当前值=282 允许[250500](通过),当前值=1045 允许[9001200](通过),当前值=4028 允许[38004500](通过),当前值=3339 允许[32503400](通过),当前值=4880 允许[48005100](通过),0(通过),已连接(通过),已确认(通过),2.13(通过),52(通过),23(通过),1(通过),按键ID:3 期望:3(通过),按键ID:2 期望:2(通过),按键ID:1 期望:1(通过),1(通过),1(通过),1(通过),工作电流测量完成 机号=1(通过),1(通过),ok(通过)
M800DCC4000016E61LMB66G00235,自由测试工站   V1.1.14,DC:C4:00:00:16:E6,2026-06-18 15:37:37,PASS,1(通过),当前值=1 允许[012](通过),当前值=14 允许[1030](通过),当前值=394 允许[250500](通过),当前值=995 允许[9001200](通过),当前值=4015 允许[38004500](通过),当前值=3316 允许[32503400](通过),当前值=4863 允许[48005100](通过),0(通过),已连接(通过),已确认(通过),2.13(通过),50(通过),23(通过),1(通过),按键ID:3 期望:3(通过),按键ID:2 期望:2(通过),按键ID:1 期望:1(通过),1(通过),1(通过),1(通过),工作电流测量完成 机号=1(通过),1(通过),ok(通过)
M800DCC4000016F61LMB66G00234,自由测试工站   V1.1.14,DC:C4:00:00:16:F6,2026-06-18 15:39:56,FAIL,1(通过),当前值=1 允许[012](通过),当前值=14 允许[1030](通过),当前值=365 允许[250500](通过),当前值=1189 允许[9001200](通过),当前值=4016 允许[38004500](通过),当前值=3311 允许[32503400](通过),当前值=4873 允许[48005100](通过),0(通过),已连接(通过),已确认(通过),2.13(通过),52(通过),24(通过),1(通过),按键ID:3 期望:3(通过),按键ID:2 期望:2(通过),按键ID:1 期望:1(通过),1(通过),1(通过),1(通过),工作电流测量完成 机号=1(通过),1(通过),ok(通过)
M800DCC4000017071LMB66G00233,自由测试工站   V1.1.14,DC:C4:00:00:17:07,2026-06-18 15:26:58,PASS,1(通过),当前值=1 允许[012](通过),当前值=15 允许[1030](通过),当前值=376 允许[250500](通过),当前值=1194 允许[9001200](通过),当前值=4018 允许[38004500](通过),当前值=3318 允许[32503400](通过),当前值=4870 允许[48005100](通过),0(通过),已连接(通过),已确认(通过),2.13(通过),60(通过),23(通过),1(通过),按键ID:3 期望:3(通过),按键ID:2 期望:2(通过),按键ID:1 期望:1(通过),1(通过),1(通过),1(通过),工作电流测量完成 机号=1(通过),1(通过),ok(通过)
M800DCC4000017171LMB66G00232,自由测试工站   V1.1.14,DC:C4:00:00:17:17,2026-06-18 15:33:10,PASS,1(通过),当前值=1 允许[012](通过),当前值=16 允许[1030](通过),当前值=371 允许[250500](通过),当前值=1017 允许[9001200](通过),当前值=3999 允许[38004500](通过),当前值=3321 允许[32503400](通过),当前值=4846 允许[48005100](通过),0(通过),已连接(通过),已确认(通过),2.13(通过),60(通过),24(通过),1(通过),按键ID:3 期望:3(通过),按键ID:2 期望:2(通过),按键ID:1 期望:1(通过),1(通过),1(通过),1(通过),工作电流测量完成 机号=1(通过),1(通过),ok(通过)
M800DCC4000017271LMB66G00231,自由测试工站   V1.1.14,DC:C4:00:00:17:27,2026-06-18 15:44:12,FAIL,1(通过),当前值=1 允许[012](通过),当前值=15 允许[1030](通过),当前值=368 允许[250500](通过),当前值=1189 允许[9001200](通过),当前值=4012 允许[38004500](通过),当前值=3323 允许[32503400](通过),当前值=4849 允许[48005100](通过),0(通过),已连接(通过),已确认(通过),2.13(通过),52(通过),23(通过),1(通过),按键ID:3 期望:3(通过),按键ID:2 期望:2(通过),按键ID:1 期望:1(通过),1(通过),1(通过),1(通过),工作电流测量完成 机号=1(通过),1(通过),ok(通过)
M800DCC4000017371LMB66G00230,自由测试工站   V1.1.14,DC:C4:00:00:17:37,2026-06-18 15:27:58,PASS,1(通过),当前值=1 允许[012](通过),当前值=16 允许[1030](通过),当前值=395 允许[250500](通过),当前值=1156 允许[9001200](通过),当前值=4021 允许[38004500](通过),当前值=3333 允许[32503400](通过),当前值=4851 允许[48005100](通过),0(通过),已连接(通过),已确认(通过),2.13(通过),69(通过),23(通过),1(通过),按键ID:3 期望:3(通过),按键ID:2 期望:2(通过),按键ID:1 期望:1(通过),1(通过),1(通过),1(通过),工作电流测量完成 机号=1(通过),1(通过),ok(通过)
M800DCC4000017471LMB66G00229,自由测试工站   V1.1.14,DC:C4:00:00:17:47,2026-06-18 15:34:00,FAIL,1(通过),当前值=1 允许[012](通过),当前值=15 允许[1030](通过),当前值=385 允许[250500](通过),当前值=954 允许[9001200](通过),当前值=4026 允许[38004500](通过),当前值=3310 允许[32503400](通过),当前值=4878 允许[48005100](通过),0(通过),已连接(通过),已确认(通过),2.13(通过),52(通过),24(通过),1(通过),按键ID:3 期望:3(通过),按键ID:2 期望:2(通过),按键ID:1 期望:1(通过),1(通过),1(通过),1(通过),工作电流测量完成 机号=1(通过),1(通过),ok(通过)
M800DCC4000017571LMB66G00228,自由测试工站   V1.1.14,DC:C4:00:00:17:57,2026-06-18 15:42:42,FAIL,1(通过),当前值=1 允许[012](通过),当前值=15 允许[1030](通过),当前值=382 允许[250500](通过),当前值=1011 允许[9001200](通过),当前值=4015 允许[38004500](通过),当前值=3306 允许[32503400](通过),当前值=4865 允许[48005100](通过),0(通过),已连接(通过),已确认(通过),2.13(通过),52(通过),23(通过),1(通过),按键ID:3 期望:3(通过),按键ID:2 期望:2(通过),按键ID:1 期望:1(通过),1(通过),1(通过),1(通过),工作电流测量完成 机号=1(通过),1(通过),ok(通过)
M800DCC4000017671LMB66G00227,自由测试工站   V1.1.14,DC:C4:00:00:17:67,2026-06-18 15:21:47,FAIL,1(通过),当前值=1 允许[012](通过),当前值=15 允许[1030](通过),当前值=381 允许[250500](通过),当前值=1112 允许[9001200](通过),当前值=4006 允许[38004500](通过),当前值=3326 允许[32503400](通过),当前值=4858 允许[48005100](通过),0(通过),已连接(通过),已确认(通过),2.13(通过),55(通过),23(通过),1(通过),按键ID:3 期望:3(通过),按键ID:2 期望:2(通过),按键ID:1 期望:1(通过),1(通过),1(通过),1(通过),工作电流测量完成 机号=1(通过),1(通过),ok(通过)
M800DCC4000017771LMB66G00226,自由测试工站   V1.1.14,DC:C4:00:00:17:77,2026-06-18 15:45:48,PASS,1(通过),当前值=1 允许[012](通过),当前值=15 允许[1030](通过),当前值=360 允许[250500](通过),当前值=1090 允许[9001200](通过),当前值=4021 允许[38004500](通过),当前值=3325 允许[32503400](通过),当前值=4870 允许[48005100](通过),0(通过),已连接(通过),已确认(通过),2.13(通过),48(通过),24(通过),1(通过),按键ID:3 期望:3(通过),按键ID:2 期望:2(通过),按键ID:1 期望:1(通过),1(通过),1(通过),1(通过),工作电流测量完成 机号=1(通过),1(通过),ok(通过)
M800DCC4000017871LMB66G00225,自由测试工站   V1.1.14,DC:C4:00:00:17:87,2026-06-17 22:33:07,FAIL,1(通过),当前值=1 允许[012](通过),当前值=15 允许[1030](通过),当前值=368 允许[250500](通过),当前值=1184 允许[9001200](通过),当前值=3920 允许[38004500](通过),当前值=3318 允许[32503400](通过),当前值=4807 允许[48005100](通过),0(通过),已连接(通过),已确认(通过),2.13(通过),52(通过),23(通过),1(通过),按键ID:3 期望:3(通过),按键ID:2 期望:2(通过),按键ID:1 期望:1(通过),1(通过),1(通过),1(通过),工作电流测量完成 机号=1(通过),1(通过),ok(通过)
M800DCC4000017971LMB66G00224,自由测试工站   V1.1.14,DC:C4:00:00:17:97,2026-06-17 22:36:07,PASS,1(通过),当前值=1 允许[012](通过),当前值=15 允许[1030](通过),当前值=386 允许[250500](通过),当前值=1042 允许[9001200](通过),当前值=4016 允许[38004500](通过),当前值=3313 允许[32503400](通过),当前值=4874 允许[48005100](通过),0(通过),已连接(通过),已确认(通过),2.13(通过),40(通过),24(通过),1(通过),按键ID:3 期望:3(通过),按键ID:2 期望:2(通过),按键ID:1 期望:1(通过),1(通过),1(通过),1(通过),工作电流测量完成 机号=1(通过),1(通过),ok(通过)
M800DCC4000017A71LMB66G00223,自由测试工站   V1.1.14,DC:C4:00:00:17:A7,2026-06-17 21:53:43,PASS,1(通过),当前值=1 允许[012](通过),当前值=16 允许[1030](通过),当前值=387 允许[250500](通过),当前值=1072 允许[9001200](通过),当前值=4035 允许[38004500](通过),当前值=3310 允许[32503400](通过),当前值=4876 允许[48005100](通过),0(通过),已连接(通过),已确认(通过),2.13(通过),60(通过),23(通过),1(通过),按键ID:3 期望:3(通过),按键ID:2 期望:2(通过),按键ID:1 期望:1(通过),1(通过),1(通过),1(通过),工作电流测量完成 机号=1(通过),1(通过),ok(通过)
M800DCC4000017B71LMB66G00222,自由测试工站   V1.1.14,DC:C4:00:00:17:B7,2026-06-17 22:42:31,PASS,1(通过),当前值=1 允许[012](通过),当前值=15 允许[1030](通过),当前值=391 允许[250500](通过),当前值=1076 允许[9001200](通过),当前值=3965 允许[38004500](通过),当前值=3313 允许[32503400](通过),当前值=4897 允许[48005100](通过),0(通过),已连接(通过),已确认(通过),2.13(通过),43(通过),23(通过),1(通过),按键ID:3 期望:3(通过),按键ID:2 期望:2(通过),按键ID:1 期望:1(通过),1(通过),1(通过),1(通过),工作电流测量完成 机号=1(通过),1(通过),ok(通过)
M800DCC4000017C71LMB66G00221,自由测试工站   V1.1.14,DC:C4:00:00:17:C7,2026-06-17 22:43:57,PASS,1(通过),当前值=1 允许[012](通过),当前值=15 允许[1030](通过),当前值=379 允许[250500](通过),当前值=1191 允许[9001200](通过),当前值=3952 允许[38004500](通过),当前值=3314 允许[32503400](通过),当前值=4856 允许[48005100](通过),0(通过),已连接(通过),已确认(通过),2.13(通过),55(通过),23(通过),1(通过),按键ID:3 期望:3(通过),按键ID:2 期望:2(通过),按键ID:1 期望:1(通过),1(通过),1(通过),1(通过),工作电流测量完成 机号=1(通过),1(通过),ok(通过)
M800DCC4000017D71LMB66G00220,自由测试工站   V1.1.14,DC:C4:00:00:17:D7,2026-06-17 22:35:14,PASS,1(通过),当前值=1 允许[012](通过),当前值=16 允许[1030](通过),当前值=380 允许[250500](通过),当前值=1016 允许[9001200](通过),当前值=4034 允许[38004500](通过),当前值=3307 允许[32503400](通过),当前值=4881 允许[48005100](通过),0(通过),已连接(通过),已确认(通过),2.13(通过),52(通过),23(通过),1(通过),按键ID:3 期望:3(通过),按键ID:2 期望:2(通过),按键ID:1 期望:1(通过),1(通过),1(通过),1(通过),工作电流测量完成 机号=1(通过),1(通过),ok(通过)
M800DCC4000017E71LMB66G00219,自由测试工站   V1.1.14,DC:C4:00:00:17:E7,2026-06-17 22:32:13,PASS,1(通过),当前值=1 允许[012](通过),当前值=17 允许[1030](通过),当前值=377 允许[250500](通过),当前值=1053 允许[9001200](通过),当前值=4028 允许[38004500](通过),当前值=3311 允许[32503400](通过),当前值=4880 允许[48005100](通过),0(通过),已连接(通过),已确认(通过),2.13(通过),52(通过),23(通过),1(通过),按键ID:3 期望:3(通过),按键ID:2 期望:2(通过),按键ID:1 期望:1(通过),1(通过),1(通过),1(通过),工作电流测量完成 机号=1(通过),1(通过),ok(通过)
M800DCC4000017F71LMB66G00218,自由测试工站   V1.1.14,DC:C4:00:00:17:F7,2026-06-17 22:34:19,PASS,1(通过),当前值=1 允许[012](通过),当前值=15 允许[1030](通过),当前值=376 允许[250500](通过),当前值=1083 允许[9001200](通过),当前值=4022 允许[38004500](通过),当前值=3318 允许[32503400](通过),当前值=4874 允许[48005100](通过),0(通过),已连接(通过),已确认(通过),2.13(通过),50(通过),23(通过),1(通过),按键ID:3 期望:3(通过),按键ID:2 期望:2(通过),按键ID:1 期望:1(通过),1(通过),1(通过),1(通过),工作电流测量完成 机号=1(通过),1(通过),ok(通过)
M800DCC4000018081LMB66G00217,自由测试工站   V1.1.14,DC:C4:00:00:18:08,2026-06-17 21:55:38,PASS,1(通过),当前值=1 允许[012](通过),当前值=15 允许[1030](通过),当前值=338 允许[250500](通过),当前值=1031 允许[9001200](通过),当前值=4006 允许[38004500](通过),当前值=3324 允许[32503400](通过),当前值=4803 允许[48005100](通过),0(通过),已连接(通过),已确认(通过),2.13(通过),45(通过),24(通过),1(通过),按键ID:3 期望:3(通过),按键ID:2 期望:2(通过),按键ID:1 期望:1(通过),1(通过),1(通过),1(通过),工作电流测量完成 机号=1(通过),1(通过),ok(通过)
M800DCC4000018181LMB66G00216,自由测试工站   V1.1.14,DC:C4:00:00:18:18,2026-06-17 21:57:23,PASS,1(通过),当前值=1 允许[012](通过),当前值=16 允许[1030](通过),当前值=387 允许[250500](通过),当前值=1036 允许[9001200](通过),当前值=3977 允许[38004500](通过),当前值=3315 允许[32503400](通过),当前值=4862 允许[48005100](通过),0(通过),已连接(通过),已确认(通过),2.13(通过),52(通过),24(通过),1(通过),按键ID:3 期望:3(通过),按键ID:2 期望:2(通过),按键ID:1 期望:1(通过),1(通过),1(通过),1(通过),工作电流测量完成 机号=1(通过),1(通过),ok(通过)
M800DCC4000018281LMB66G00215,自由测试工站   V1.1.14,DC:C4:00:00:18:28,2026-06-17 22:38:58,FAIL,1(通过),当前值=1 允许[012](通过),当前值=15 允许[1030](通过),当前值=379 允许[250500](通过),当前值=1098 允许[9001200](通过),当前值=3954 允许[38004500](通过),当前值=3307 允许[32503400](通过),当前值=4834 允许[48005100](通过),0(通过),已连接(通过),已确认(通过),2.13(通过),54(通过),23(通过),1(通过),按键ID:3 期望:3(通过),按键ID:2 期望:2(通过),按键ID:1 期望:1(通过),1(通过),1(通过),1(通过),工作电流测量完成 机号=1(通过),1(通过),ok(通过)
M800DCC4000018381LMB66G00214,自由测试工站   V1.1.14,DC:C4:00:00:18:38,2026-06-17 22:31:00,PASS,1(通过),当前值=1 允许[012](通过),当前值=15 允许[1030](通过),当前值=375 允许[250500](通过),当前值=1194 允许[9001200](通过),当前值=4054 允许[38004500](通过),当前值=3340 允许[32503400](通过),当前值=4894 允许[48005100](通过),0(通过),已连接(通过),已确认(通过),2.13(通过),57(通过),23(通过),1(通过),按键ID:3 期望:3(通过),按键ID:2 期望:2(通过),按键ID:1 期望:1(通过),1(通过),1(通过),1(通过),工作电流测量完成 机号=1(通过),1(通过),ok(通过)
M800DCC4000018481LMB66G00213,自由测试工站   V1.1.14,DC:C4:00:00:18:48,2026-06-17 22:40:38,FAIL,1(通过),当前值=1 允许[012](通过),当前值=15 允许[1030](通过),当前值=376 允许[250500](通过),当前值=1045 允许[9001200](通过),当前值=3978 允许[38004500](通过),当前值=3306 允许[32503400](通过),当前值=4843 允许[48005100](通过),0(通过),已连接(通过),已确认(通过),2.13(通过),59(通过),24(通过),1(通过),按键ID:3 期望:3(通过),按键ID:2 期望:2(通过),按键ID:1 期望:1(通过),1(通过),1(通过),1(通过),工作电流测量完成 机号=1(通过),1(通过),ok(通过)
M800DCC4000018581LMB66G00212,自由测试工站   V1.1.14,DC:C4:00:00:18:58,2026-06-17 22:38:08,PASS,1(通过),当前值=1 允许[012](通过),当前值=16 允许[1030](通过),当前值=390 允许[250500](通过),当前值=1064 允许[9001200](通过),当前值=3997 允许[38004500](通过),当前值=3316 允许[32503400](通过),当前值=4845 允许[48005100](通过),0(通过),已连接(通过),已确认(通过),2.13(通过),59(通过),23(通过),1(通过),按键ID:3 期望:3(通过),按键ID:2 期望:2(通过),按键ID:1 期望:1(通过),1(通过),1(通过),1(通过),工作电流测量完成 机号=1(通过),1(通过),ok(通过)
M800DCC4000018681LMB66G00211,自由测试工站   V1.1.14,DC:C4:00:00:18:68,2026-06-17 22:41:36,PASS,1(通过),当前值=1 允许[012](通过),当前值=16 允许[1030](通过),当前值=386 允许[250500](通过),当前值=1069 允许[9001200](通过),当前值=3959 允许[38004500](通过),当前值=3320 允许[32503400](通过),当前值=4843 允许[48005100](通过),0(通过),已连接(通过),已确认(通过),2.13(通过),65(通过),23(通过),1(通过),按键ID:3 期望:3(通过),按键ID:2 期望:2(通过),按键ID:1 期望:1(通过),1(通过),1(通过),1(通过),工作电流测量完成 机号=1(通过),1(通过),ok(通过)
M800DCC4000018781LMB66G00210,自由测试工站   V1.1.14,DC:C4:00:00:18:78,2026-06-17 22:44:48,PASS,1(通过),当前值=1 允许[012](通过),当前值=15 允许[1030](通过),当前值=381 允许[250500](通过),当前值=1061 允许[9001200](通过),当前值=4035 允许[38004500](通过),当前值=3329 允许[32503400](通过),当前值=4887 允许[48005100](通过),0(通过),已连接(通过),已确认(通过),2.13(通过),74(通过),23(通过),1(通过),按键ID:3 期望:3(通过),按键ID:2 期望:2(通过),按键ID:1 期望:1(通过),1(通过),1(通过),1(通过),工作电流测量完成 机号=1(通过),1(通过),ok(通过)
M800DCC4000018881LMB66G00209,自由测试工站   V1.1.14,DC:C4:00:00:18:88,2026-06-17 22:00:20,PASS,1(通过),当前值=1 允许[012](通过),当前值=14 允许[1030](通过),当前值=297 允许[250500](通过),当前值=1094 允许[9001200](通过),当前值=4039 允许[38004500](通过),当前值=3325 允许[32503400](通过),当前值=4881 允许[48005100](通过),0(通过),已连接(通过),已确认(通过),2.13(通过),54(通过),24(通过),1(通过),按键ID:3 期望:3(通过),按键ID:2 期望:2(通过),按键ID:1 期望:1(通过),1(通过),1(通过),1(通过),工作电流测量完成 机号=1(通过),1(通过),ok(通过)
M800DCC4000018981LMB66G00208,自由测试工站   V1.1.14,DC:C4:00:00:18:98,2026-06-17 22:37:12,PASS,1(通过),当前值=1 允许[012](通过),当前值=16 允许[1030](通过),当前值=390 允许[250500](通过),当前值=1177 允许[9001200](通过),当前值=4026 允许[38004500](通过),当前值=3302 允许[32503400](通过),当前值=4872 允许[48005100](通过),0(通过),已连接(通过),已确认(通过),2.13(通过),54(通过),23(通过),1(通过),按键ID:3 期望:3(通过),按键ID:2 期望:2(通过),按键ID:1 期望:1(通过),1(通过),1(通过),1(通过),工作电流测量完成 机号=1(通过),1(通过),ok(通过)
M800DCC4000018A81LMB66G00207,自由测试工站   V1.1.14,DC:C4:00:00:18:A8,2026-06-17 22:43:29,FAIL,1(通过),当前值=1 允许[012](通过),当前值=16 允许[1030](通过),当前值=342 允许[250500](通过),当前值=1194 允许[9001200](通过),当前值=3916 允许[38004500](通过),当前值=3309 允许[32503400](通过),当前值=4829 允许[48005100](通过),0(通过),已连接(通过),已确认(通过),2.13(通过),52(通过),24(通过),1(通过),按键ID:3 期望:3(通过),按键ID:2 期望:2(通过),按键ID:1 期望:1(通过),1(通过),1(通过),1(通过),工作电流测量完成 机号=1(通过),1(通过),ok(通过)
M800DCC4000018B81LMB66G00206,自由测试工站   V1.1.14,DC:C4:00:00:18:B8,2026-06-23 14:10:57,FAIL,1(通过),当前值=1 允许[012](通过),当前值=15 允许[1030](通过),当前值=366 允许[250500](通过),当前值=1157 允许[9001200](通过),当前值=3949 允许[38004500](通过),当前值=3314 允许[32503400](通过),当前值=4803 允许[48005100](通过),0(通过),已连接(通过),已确认(通过),2.13(通过),60(通过),23(通过),1(通过),按键ID:3 期望:3(通过),按键ID:2 期望:2(通过),按键ID:1 期望:1(通过),1(通过),1(通过),1(通过),工作电流测量完成 机号=1(通过),1(通过),ok(通过)
M800DCC4000019091LMB66G00201,自由测试工站   V1.1.14,00:00:b0:7f:b3:61,2026-06-17 14:11:54,FAIL,1(通过),当前值=1 允许[012](通过),当前值=20 允许[1030](通过),当前值=377 允许[300500](通过),当前值=637 允许[100200](失败),当前值=3994 允许[50006000](失败),当前值=3352 允许[32003400](通过),,0(通过),协议FAIL或超时(失败),,2.13(通过),84(通过),236(通过),1(通过),按键ID:2 期望:3(失败),按键ID:2 期望:2(通过),按键ID:1 期望:1(通过),1(通过),1(通过),1(通过),工作电流测量完成 机号=1(通过),1(通过),ok(通过)